DROP TABLE asset;

CREATE TABLE `asset` (
  `id` int(11) NOT NULL,
  `k_id` int(11) NOT NULL,
  `no_persil` varchar(80) NOT NULL,
  `kelas_desa` varchar(4) NOT NULL,
  `luas_tersedia` int(11) NOT NULL,
  `luas_terpindah` int(11) NOT NULL,
  `luas_sisa` int(11) NOT NULL,
  `ipeda` int(11) NOT NULL,
  `diperoleh` varchar(20) NOT NULL,
  `tahun` varchar(4) NOT NULL,
  `no_kohir` varchar(5) NOT NULL,
  `atasnama` varchar(20) NOT NULL,
  `dipindah` varchar(20) NOT NULL,
  `tahun_pindah` varchar(4) NOT NULL,
  `no_kohir_pindah` varchar(5) NOT NULL,
  `atasnama_pindah` varchar(20) NOT NULL,
  `status` varchar(20) NOT NULL,
  `klasifikasi` varchar(20) NOT NULL,
  `name` text NOT NULL,
  `nocdesa` int(11) NOT NULL,
  `namapemilik` varchar(80) NOT NULL
) ENGINE=MyISAM DEFAULT CHARSET=latin1;

INSERT INTO asset VALUES("1","1","","SI","7550","0","7550","0","Lainnya","-","","","-","-","-","-","Aktif","Sawah","","0","Bengkok Kebayan");
INSERT INTO asset VALUES("849","1","11","SI","8000","0","8000","0","Lainnya","-","","","-","-","-","-","Aktif","Sawah","","0","Bengkok Lurah");
INSERT INTO asset VALUES("849","2","22","SII","5900","0","5900","0","Lainnya","-","","","-","-","-","-","Aktif","Sawah","","0","Bengkok Lurah");
INSERT INTO asset VALUES("849","3","31","SI","35400","0","35400","0","Lainnya","-","","","-","-","-","-","Aktif","Sawah","","0","Bengkok Lurah");
INSERT INTO asset VALUES("102","1","17","SII","2700","0","2700","0","Lainnya","-","","","-","-","-","-","Aktif","Sawah","","0","Bengkok Carik");
INSERT INTO asset VALUES("102","2","39","SI","7700","0","7700","0","Lainnya","-","","","-","-","-","-","Aktif","Sawah","","0","Bengkok Carik");
INSERT INTO asset VALUES("102","3","64","SI","13550","0","13550","0","Lainnya","-","","","-","-","-","-","Aktif","Sawah","","0","Bengkok Carik");
INSERT INTO asset VALUES("850","1","10","SI","950","0","950","0","Lainnya","-","","","-","-","-","-","Aktif","Sawah","","0","Bengkok Kamituwo I");
INSERT INTO asset VALUES("850","2","18","SII","7050","0","7050","0","Lainnya","-","","","-","-","-","-","Aktif","Sawah","","0","Bengkok Kamituwo I");
INSERT INTO asset VALUES("850","3","23","SII","3400","0","3400","0","Lainnya","-","","","-","-","-","-","Aktif","Sawah","","0","Bengkok Kamituwo I");
INSERT INTO asset VALUES("851","1","32","SI","9100","0","9100","0","Lainnya","-","","","-","-","-","-","Aktif","Sawah","","0","Bengkok Kamituwo II");
INSERT INTO asset VALUES("6","1","14","SII","7200","0","7200","0","Lainnya","-","","","-","-","-","-","Aktif","Sawah","","0","Bengkok Ulu Ulu");
INSERT INTO asset VALUES("2","1","3","SII","4800","0","4800","0","Lainnya","-","","","-","-","-","-","Aktif","Sawah","","0","Bengkok kebayan II");
INSERT INTO asset VALUES("3","1","15","SII","5500","0","5500","0","Lainnya","-","","","-","-","-","-","Aktif","Sawah","","0","Bengkok Kepetengan I");
INSERT INTO asset VALUES("4","1","4","SII","5050","0","5050","0","Lainnya","-","","","-","-","-","-","Aktif","Sawah","","0","Bengkok Kepetengan II");
INSERT INTO asset VALUES("5","1","16","SII","4400","0","4400","0","Lainnya","-","","","-","-","-","-","Aktif","Sawah","","0","Bengkok Modin");
INSERT INTO asset VALUES("7","1","25","DI","550","0","550","0","Lainnya","-","","","-","-","-","-","Aktif","Tanah Kering","","3","Soewarno Soeib");
INSERT INTO asset VALUES("7","2","26","DI","0","180","0","0","Lainnya","-","","","-","-","-","-","Tidak Aktif","Tanah Kering","","3","Soewarno Soeib");
INSERT INTO asset VALUES("575","1","26","DI","370","0","370","0","Warisan","-","3","Soewarno Soeib","-","-","-","-","Aktif","Tanah Kering","","919","Suki bt Suwarno");
INSERT INTO asset VALUES("576","1","26","DI","180","0","180","0","Lainnya","-","3","Soewarno Soeib","-","-","-","-","Aktif","Tanah Kering","","920","Harsono / Karsih");
INSERT INTO asset VALUES("8","1","37","DI","320","0","320","0","Lainnya","-","","","-","-","-","-","Aktif","Tanah Kering","","4","Resokarjo Sarmin");
INSERT INTO asset VALUES("8","2","37","DI","670","450","670","0","Lainnya","-","","","-","-","-","-","Aktif Sebagian","Tanah Kering","","4","Resokarjo Sarmin");
INSERT INTO asset VALUES("8","3","50A","DI","0","500","0","0","Lainnya","-","","","-","-","-","-","Tidak Aktif","Tanah Kering","","4","Resokarjo Sarmin");
INSERT INTO asset VALUES("8","4","59","DI","150","0","150","0","Lainnya","-","","","-","-","-","-","Aktif","Tanah Kering","","4","Resokarjo Sarmin");
INSERT INTO asset VALUES("8","5","63","DI","100","0","100","0","Lainnya","-","","","-","-","-","-","Aktif","Tanah Kering","","4","Resokarjo Sarmin");
INSERT INTO asset VALUES("676","1","37","DI","600","0","600","0","Lainnya","-","4","Resokarjo Sarmin","-","-","-","-","Aktif","Tanah Kering","","1021","Supi Miun");
INSERT INTO asset VALUES("686","1","50A","DI","500","0","500","0","Lainnya","-","4","Resokarjo Sarmin","-","-","-","-","Aktif","Tanah Kering","","1032","Karno Rumiati");
INSERT INTO asset VALUES("686","2","37","DI","450","0","450","0","Lainnya","-","4","Resokarjo Sarmin","-","-","-","-","Aktif","Tanah Kering","","1032","Karno Rumiati");
INSERT INTO asset VALUES("9","1","5","DI","0","450","0","0","Lainnya","-","","","-","-","-","-","Tidak Aktif","Tanah Kering","","7","Ngalim Kasmawi");
INSERT INTO asset VALUES("9","2","6","DI","200","0","200","0","Lainnya","-","","","-","-","-","-","Aktif","Tanah Kering","","7","Ngalim Kasmawi");
INSERT INTO asset VALUES("9","3","6","DI","0","310","0","0","Lainnya","-","","","-","-","-","-","Tidak Aktif","Tanah Kering","","7","Ngalim Kasmawi");
INSERT INTO asset VALUES("9","4","6","DI","240","0","240","0","Lainnya","-","","","-","-","-","-","Aktif","Tanah Kering","","7","Ngalim Kasmawi");
INSERT INTO asset VALUES("9","5","6","DI","80","0","80","0","Lainnya","-","","","-","-","-","-","Aktif","Tanah Kering","","7","Ngalim Kasmawi");
INSERT INTO asset VALUES("9","6","6","DI","50","0","50","0","Lainnya","-","","","-","-","-","-","Aktif","Tanah Kering","","7","Ngalim Kasmawi");
INSERT INTO asset VALUES("753","1","5","DI","450","0","450","0","Lainnya","1987","7","Ngalim Kasmawi","-","-","-","-","Aktif","Tanah Kering","","1102","Danuri Tijah");
INSERT INTO asset VALUES("754","1","6","DI","310","0","310","0","Warisan","1987","7","Ngalim Kasmawi","-","-","-","-","Aktif","Tanah Kering","","1103","Sunadi Ngalim");
INSERT INTO asset VALUES("10","1","8","DI","400","400","400","0","Lainnya","-","","","-","-","-","-","Aktif Sebagian","Tanah Kering","","9","Samsoeri Soelmanan");
INSERT INTO asset VALUES("725","1","8","DI","400","0","400","0","Lainnya","1986","9","Samsoeri Soelmanan","-","-","-","-","Aktif","Tanah Kering","","1071","Mudrikah bt Sapii");
INSERT INTO asset VALUES("11","1","5","DI","0","700","0","0","Lainnya","-","","","-","-","-","-","Tidak Aktif","Tanah Kering","","15","Asmari Rabin");
INSERT INTO asset VALUES("12","1","49","DI","400","0","400","0","Lainnya","-","","","-","-","-","-","Aktif","Tanah Kering","","18","Boenawi Kiman");
INSERT INTO asset VALUES("13","1","29","SII","4950","0","4950","0","Lainnya","-","","","-","-","-","-","Aktif","Sawah","","19","Noerjoedi Boekari A");
INSERT INTO asset VALUES("13","2","47","SIII","1200","0","1200","0","Lainnya","-","","","-","-","-","-","Aktif","Sawah","","19","Noerjoedi Boekari A");
INSERT INTO asset VALUES("13","3","50B","SIII","220","0","220","0","Lainnya","-","","","-","-","-","-","Aktif","Sawah","","19","Noerjoedi Boekari A");
INSERT INTO asset VALUES("13","4","50B","SIII","220","0","220","0","Lainnya","-","","","-","-","-","-","Aktif","Sawah","","19","Noerjoedi Boekari A");
INSERT INTO asset VALUES("13","5","54B","SIV","1020","0","1020","0","Lainnya","-","","","-","-","-","-","Aktif","Sawah","","19","Noerjoedi Boekari A");
INSERT INTO asset VALUES("13","6","54B","SIV","680","0","680","0","Lainnya","-","","","-","-","-","-","Aktif","Sawah","","19","Noerjoedi Boekari A");
INSERT INTO asset VALUES("13","7","35","DI","400","0","400","0","Lainnya","-","","","-","-","-","-","Aktif","Tanah Kering","","19","Noerjoedi Boekari A");
INSERT INTO asset VALUES("13","8","42","DII","350","0","350","0","Lainnya","-","","","-","-","-","-","Aktif","Tanah Kering","","19","Noerjoedi Boekari A");
INSERT INTO asset VALUES("13","9","42","DII","300","0","300","0","Lainnya","-","","","-","-","-","-","Aktif","Tanah Kering","","19","Noerjoedi Boekari A");
INSERT INTO asset VALUES("13","10","49","DI","330","0","330","0","Lainnya","-","","","-","-","-","-","Aktif","Tanah Kering","","19","Noerjoedi Boekari A");
INSERT INTO asset VALUES("13","11","49","DI","2000","0","2000","0","Lainnya","-","","","-","-","-","-","Aktif","Tanah Kering","","19","Noerjoedi Boekari A");
INSERT INTO asset VALUES("13","12","50A","DI","100","0","100","0","Lainnya","-","","","-","-","-","-","Aktif","Tanah Kering","","19","Noerjoedi Boekari A");
INSERT INTO asset VALUES("13","13","50A","DI","800","0","800","0","Lainnya","-","","","-","-","-","-","Aktif","Tanah Kering","","19","Noerjoedi Boekari A");
INSERT INTO asset VALUES("13","14","50A","DI","350","0","350","0","Lainnya","-","","","-","-","-","-","Aktif","Tanah Kering","","19","Noerjoedi Boekari A");
INSERT INTO asset VALUES("13","15","50A","DI","950","0","950","0","Lainnya","-","","","-","-","-","-","Aktif","Tanah Kering","","19","Noerjoedi Boekari A");
INSERT INTO asset VALUES("13","16","50A","DI","200","0","200","0","Lainnya","-","","","-","-","-","-","Aktif","Tanah Kering","","19","Noerjoedi Boekari A");
INSERT INTO asset VALUES("13","17","50A","DI","710","0","710","0","Lainnya","-","","","-","-","-","-","Aktif","Tanah Kering","","19","Noerjoedi Boekari A");
INSERT INTO asset VALUES("13","18","50A","DI","390","0","390","0","Lainnya","-","","","-","-","-","-","Aktif","Tanah Kering","","19","Noerjoedi Boekari A");
INSERT INTO asset VALUES("13","19","50A","DI","230","0","230","0","Lainnya","-","","","-","-","-","-","Aktif","Tanah Kering","","19","Noerjoedi Boekari A");
INSERT INTO asset VALUES("13","20","50A","DI","2200","0","2200","0","Lainnya","-","","","-","-","-","-","Aktif","Tanah Kering","","19","Noerjoedi Boekari A");
INSERT INTO asset VALUES("13","21","50A","DI","270","430","270","0","Lainnya","-","","","-","-","-","-","Aktif Sebagian","Tanah Kering","","19","Noerjoedi Boekari A");
INSERT INTO asset VALUES("13","22","50A","DI","700","0","700","0","Lainnya","-","","","-","-","-","-","Aktif","Tanah Kering","","19","Noerjoedi Boekari A");
INSERT INTO asset VALUES("13","23","50A","DI","700","0","700","0","Lainnya","-","","","-","-","-","-","Aktif","Tanah Kering","","19","Noerjoedi Boekari A");
INSERT INTO asset VALUES("13","24","50A","DI","320","0","320","0","Lainnya","-","","","-","-","-","-","Aktif","Tanah Kering","","19","Noerjoedi Boekari A");
INSERT INTO asset VALUES("13","25","50A","DI","380","0","380","0","Lainnya","-","","","-","-","-","-","Aktif","Tanah Kering","","19","Noerjoedi Boekari A");
INSERT INTO asset VALUES("13","26","50A","DI","150","0","150","0","Lainnya","-","","","-","-","-","-","Aktif","Tanah Kering","","19","Noerjoedi Boekari A");
INSERT INTO asset VALUES("13","27","50A","DI","350","0","350","0","Lainnya","-","","","-","-","-","-","Aktif","Tanah Kering","","19","Noerjoedi Boekari A");
INSERT INTO asset VALUES("13","28","54A","DI","500","0","500","0","Lainnya","-","","","-","-","-","-","Aktif","Tanah Kering","","19","Noerjoedi Boekari A");
INSERT INTO asset VALUES("13","29","54A","DI","0","550","0","0","Lainnya","-","","","-","-","-","-","Tidak Aktif","Tanah Kering","","19","Noerjoedi Boekari A");
INSERT INTO asset VALUES("13","30","56","DI","300","0","300","0","Lainnya","-","","","-","-","-","-","Aktif","Tanah Kering","","19","Noerjoedi Boekari A");
INSERT INTO asset VALUES("13","31","57","DI","700","0","700","0","Lainnya","-","","","-","-","-","-","Aktif","Tanah Kering","","19","Noerjoedi Boekari A");
INSERT INTO asset VALUES("13","32","57","DI","300","0","300","0","Lainnya","-","","","-","-","-","-","Aktif","Tanah Kering","","19","Noerjoedi Boekari A");
INSERT INTO asset VALUES("13","33","61A","DI","190","0","190","0","Lainnya","-","","","-","-","-","-","Aktif","Tanah Kering","","19","Noerjoedi Boekari A");
INSERT INTO asset VALUES("683","1","50A","DI","430","0","430","0","Lainnya","-","19","Noerjoedi Boekari A","-","-","-","-","Aktif","Tanah Kering","","1029","Rumtiyah");
INSERT INTO asset VALUES("796","1","54A","DI","550","0","550","0","Lainnya","-","19","Noerjoedi Boekari A","-","-","-","-","Aktif","Tanah Kering","","1154","Rumtiyah");
INSERT INTO asset VALUES("14","1","6","DI","280","0","280","0","Lainnya","-","","","-","-","-","-","Aktif","Tanah Kering","","20","Djajan Kasto");
INSERT INTO asset VALUES("15","1","5","DI","0","150","0","0","Lainnya","-","","","-","-","-","-","Tidak Aktif","Tanah Kering","","24","Doetonah Kastam");
INSERT INTO asset VALUES("15","2","5","DI","0","350","0","0","Lainnya","-","","","-","-","-","-","Tidak Aktif","Tanah Kering","","24","Doetonah Kastam");
INSERT INTO asset VALUES("699","1","5","DI","500","0","500","0","Lainnya","-","24","Doetonah Kastam","-","-","-","-","Aktif","Tanah Kering","","1045","Alwan");
INSERT INTO asset VALUES("739","1","5","DI","350","0","350","0","Lainnya","1987","24","Doetonah Kastam","-","-","-","-","Aktif","Tanah Kering","","1087","Sulati bt Asmuni");
INSERT INTO asset VALUES("740","1","5","DI","150","0","150","0","Lainnya","1987","24","Doetonah Kastam","-","-","-","-","Aktif","Tanah Kering","","1088","Kasiyah bt Asmuni");
INSERT INTO asset VALUES("16","1","50A","DI","210","0","210","0","Lainnya","-","","","-","-","-","-","Aktif","Tanah Kering","","33","Doelrohman H Doelrasid");
INSERT INTO asset VALUES("17","1","8","DI","0","850","0","0","Lainnya","-","","","-","-","-","-","Tidak Aktif","Tanah Kering","","44","Asdjali H Soemadi");
INSERT INTO asset VALUES("17","2","8","DI","0","170","0","0","Lainnya","-","","","-","-","-","-","Tidak Aktif","Tanah Kering","","44","Asdjali H Soemadi");
INSERT INTO asset VALUES("17","3","8","DI","0","180","0","0","Lainnya","-","","","-","-","-","-","Tidak Aktif","Tanah Kering","","44","Asdjali H Soemadi");
INSERT INTO asset VALUES("634","1","8","DI","850","0","850","0","Lainnya","-","44","Asdjali H Soemadi","-","-","-","-","Aktif","Tanah Kering","","979","Suudi H Azali");
INSERT INTO asset VALUES("634","2","8","DI","170","0","170","0","Lainnya","-","44","Asdjali H Soemadi","-","-","-","-","Aktif","Tanah Kering","","979","Suudi H Azali");
INSERT INTO asset VALUES("634","3","8","DI","180","0","180","0","Lainnya","-","44","Asdjali H Soemadi","-","-","-","-","Aktif","Tanah Kering","","979","Suudi H Azali");
INSERT INTO asset VALUES("18","1","21","DII","0","490","0","0","Lainnya","-","","","-","-","-","-","Tidak Aktif","Tanah Kering","","48","Hasmawi Sosemito");
INSERT INTO asset VALUES("18","2","25","DI","50","0","50","0","Lainnya","-","","","-","-","-","-","Aktif","Tanah Kering","","48","Hasmawi Sosemito");
INSERT INTO asset VALUES("576","2","21","DII","490","0","490","0","Lainnya","-","48","Hasmawi Sosemito","-","-","-","-","Aktif","Tanah Kering","","920","Harsono / Karsih");
INSERT INTO asset VALUES("19","1","60","DI","250","0","250","0","Lainnya","-","","","-","-","-","-","Aktif","Tanah Kering","","53","Jat Kardjono");
INSERT INTO asset VALUES("19","2","60","DI","950","0","950","0","Lainnya","-","","","-","-","-","-","Aktif","Tanah Kering","","53","Jat Kardjono");
INSERT INTO asset VALUES("19","3","61A","DI","1450","0","1450","0","Lainnya","-","","","-","-","-","-","Aktif","Tanah Kering","","53","Jat Kardjono");
INSERT INTO asset VALUES("20","1","6","DI","100","450","100","0","Lainnya","-","","","-","-","-","-","Aktif Sebagian","Tanah Kering","","57","Karmi B Hatsari");
INSERT INTO asset VALUES("737","1","6","DI","450","0","450","0","Lainnya","1987","57","Karmi B Hatsari","-","-","-","-","Aktif","Tanah Kering","","1085","Kamid Rondiyah");
INSERT INTO asset VALUES("21","1","2","DII","0","840","0","0","Lainnya","-","","","-","-","-","-","Tidak Aktif","Tanah Kering","","58","Kastijah b Salam");
INSERT INTO asset VALUES("645","1","2","DII","840","0","840","0","Lainnya","-","58","Kastijah b Salam","-","-","-","-","Aktif","Tanah Kering","","989","Suliyah Salam");
INSERT INTO asset VALUES("22","1","20","SII","0","4400","0","0","Lainnya","-","","","-","-","-","-","Tidak Aktif","Sawah","","60","Karmin Kastam");
INSERT INTO asset VALUES("22","2","5","DI","0","600","0","0","Lainnya","-","","","-","-","-","-","Tidak Aktif","Tanah Kering","","60","Karmin Kastam");
INSERT INTO asset VALUES("22","3","5","DI","0","600","0","0","Lainnya","-","","","-","-","-","-","Tidak Aktif","Tanah Kering","","60","Karmin Kastam");
INSERT INTO asset VALUES("772","1","20","SII","4400","0","4400","0","Lainnya","1989","60","Karmin Kastam","-","-","-","-","Aktif","Sawah","","1124","Patimah Jambari");
INSERT INTO asset VALUES("702","1","5","DI","400","0","400","0","Lainnya","-","60","Karmin Kastam","-","-","-","-","Aktif","Tanah Kering","","1048","Zaenun alwan");
INSERT INTO asset VALUES("23","1","9","SII","3500","0","3500","0","Lainnya","-","","","-","-","-","-","Aktif","Sawah","","62","Kasmoeri Kamin");
INSERT INTO asset VALUES("642","1","5","DI","600","0","600","0","Lainnya","-","60","Karmin Kastam","-","-","-","-","Aktif","Tanah Kering","","987","Suat Kamsari");
INSERT INTO asset VALUES("772","2","5","DI","600","0","600","0","Lainnya","1989","60","Karmin Kastam","-","-","-","-","Aktif","Tanah Kering","","1124","Patimah Jambari");
INSERT INTO asset VALUES("23","2","5","DI","270","0","270","0","Lainnya","-","","","-","-","-","-","Aktif","Tanah Kering","","62","Kasmoeri Kamin");
INSERT INTO asset VALUES("24","1","5","DI","0","250","0","0","Lainnya","-","","","-","-","-","-","Tidak Aktif","Tanah Kering","","63","Kasmah b Harkasan");
INSERT INTO asset VALUES("646","2","5","DI","250","0","250","0","Lainnya","-","63","Kasmah b Harkasan","-","-","-","-","Aktif","Tanah Kering","","990","Sutimah Sarjo");
INSERT INTO asset VALUES("25","1","1","SII","6300","0","6300","0","Lainnya","-","","","-","-","-","-","Aktif","Sawah","","66","Kadar Keman");
INSERT INTO asset VALUES("25","2","5","DI","450","0","450","0","Lainnya","-","","","-","-","-","-","Aktif","Tanah Kering","","66","Kadar Keman");
INSERT INTO asset VALUES("25","3","5","DI","350","0","350","0","Lainnya","-","","","-","-","-","-","Aktif","Tanah Kering","","66","Kadar Keman");
INSERT INTO asset VALUES("25","4","5","DI","130","170","130","0","Lainnya","-","","","-","-","-","-","Aktif Sebagian","Tanah Kering","","66","Kadar Keman");
INSERT INTO asset VALUES("770","1","5","DI","170","0","170","0","Lainnya","1989","66","Kadar Keman","-","-","-","-","Aktif","Tanah Kering","","1119","Mundakir");
INSERT INTO asset VALUES("26","1","19","DI","700","0","700","0","Lainnya","-","","","-","-","-","-","Aktif","Tanah Kering","","68","Kartamah Soerjani");
INSERT INTO asset VALUES("26","2","19","DI","140","0","140","0","Lainnya","-","","","-","-","-","-","Aktif","Tanah Kering","","68","Kartamah Soerjani");
INSERT INTO asset VALUES("27","1","30","SII","3100","0","3100","0","Lainnya","-","","","-","-","-","-","Aktif","Sawah","","69","Karsi b Warto");
INSERT INTO asset VALUES("27","2","38","SIII","1850","0","1850","0","Lainnya","-","","","-","-","-","-","Aktif","Sawah","","69","Karsi b Warto");
INSERT INTO asset VALUES("27","3","19","DI","400","0","400","0","Lainnya","-","","","-","-","-","-","Aktif","Tanah Kering","","69","Karsi b Warto");
INSERT INTO asset VALUES("27","4","19","DI","0","550","0","0","Lainnya","-","","","-","-","-","-","Tidak Aktif","Tanah Kering","","69","Karsi b Warto");
INSERT INTO asset VALUES("27","5","19","DI","20","420","20","0","Lainnya","-","","","-","-","-","-","Aktif Sebagian","Tanah Kering","","69","Karsi b Warto");
INSERT INTO asset VALUES("752","1","19","DI","550","0","550","0","Lainnya","-","69","Karsi b Warto","-","-","-","-","Aktif","Tanah Kering","","1101","Kartini Darkiyah");
INSERT INTO asset VALUES("652","2","19","DI","420","0","420","0","Lainnya","-","69","Karsi b Warto","-","-","-","-","Aktif","Tanah Kering","","996","Kunyaeni Subi");
INSERT INTO asset VALUES("28","1","27","SIII","6100","0","6100","0","Lainnya","-","","","-","-","-","-","Aktif","Sawah","","71","Kasmono Bero");
INSERT INTO asset VALUES("28","2","25","DI","50","0","50","0","Lainnya","-","","","-","-","-","-","Aktif","Tanah Kering","","71","Kasmono Bero");
INSERT INTO asset VALUES("28","3","25","DI","300","0","300","0","Lainnya","-","","","-","-","-","-","Aktif","Tanah Kering","","71","Kasmono Bero");
INSERT INTO asset VALUES("29","1","40","SII","600","0","600","0","Lainnya","-","","","-","-","-","-","Aktif","Sawah","","74","Kasiran Wardjo");
INSERT INTO asset VALUES("29","2","19","DI","300","0","300","0","Lainnya","-","","","-","-","-","-","Aktif","Tanah Kering","","74","Kasiran Wardjo");
INSERT INTO asset VALUES("29","3","19","DI","150","0","150","0","Lainnya","-","","","-","-","-","-","Aktif","Tanah Kering","","74","Kasiran Wardjo");
INSERT INTO asset VALUES("29","4","19","DI","230","0","230","0","Lainnya","-","","","-","-","-","-","Aktif","Tanah Kering","","74","Kasiran Wardjo");
INSERT INTO asset VALUES("29","5","19","DI","280","0","280","0","Lainnya","-","","","-","-","-","-","Aktif","Tanah Kering","","74","Kasiran Wardjo");
INSERT INTO asset VALUES("29","6","21","DII","250","0","250","0","Lainnya","-","","","-","-","-","-","Aktif","Tanah Kering","","74","Kasiran Wardjo");
INSERT INTO asset VALUES("30","1","46","SIII","550","0","550","0","Lainnya","-","","","-","-","-","-","Aktif","Sawah","","76","Kasmi b Kasman");
INSERT INTO asset VALUES("30","2","65","DI","600","0","600","0","Lainnya","-","","","-","-","-","-","Aktif","Tanah Kering","","76","Kasmi b Kasman");
INSERT INTO asset VALUES("31","1","37","DI","0","300","0","0","Lainnya","-","","","-","-","-","-","Tidak Aktif","Tanah Kering","","77","Kardjo Seno");
INSERT INTO asset VALUES("31","2","41","DI","0","900","0","0","Lainnya","-","","","-","-","-","-","Tidak Aktif","Tanah Kering","","77","Kardjo Seno");
INSERT INTO asset VALUES("31","3","41","DI","0","350","0","0","Lainnya","-","","","-","-","-","-","Tidak Aktif","Tanah Kering","","77","Kardjo Seno");
INSERT INTO asset VALUES("32","1","29","SII","4600","0","4600","0","Lainnya","-","","","-","-","-","-","Aktif","Sawah","","79","Kasman Rali");
INSERT INTO asset VALUES("32","2","37","DI","500","0","500","0","Lainnya","-","","","-","-","-","-","Aktif","Tanah Kering","","79","Kasman Rali");
INSERT INTO asset VALUES("32","3","37","DI","0","250","0","0","Lainnya","-","","","-","-","-","-","Tidak Aktif","Tanah Kering","","79","Kasman Rali");
INSERT INTO asset VALUES("32","4","37","DI","0","800","0","0","Lainnya","-","","","-","-","-","-","Tidak Aktif","Tanah Kering","","79","Kasman Rali");
INSERT INTO asset VALUES("32","5","60","DI","450","0","450","0","Lainnya","-","","","-","-","-","-","Aktif","Tanah Kering","","79","Kasman Rali");
INSERT INTO asset VALUES("789","1","37","DI","250","0","250","0","Lainnya","1989","79","Kasman Rali","-","-","-","-","Aktif","Tanah Kering","","1146","Kasdi Kasman");
INSERT INTO asset VALUES("578","1","37","DI","800","0","800","0","Lainnya","-","79","Kasman Rali","-","-","-","-","Aktif","Tanah Kering","","922","Suyadi b Ruji");
INSERT INTO asset VALUES("36","1","5","DI","0","650","0","0","Lainnya","-","","","-","-","-","-","Tidak Aktif","Tanah Kering","","88","Kadarijali b Kariboen");
INSERT INTO asset VALUES("36","2","8","DI","330","0","330","0","Lainnya","-","","","-","-","-","-","Aktif","Tanah Kering","","88","Kadarijali b Kariboen");
INSERT INTO asset VALUES("631","1","5","DI","650","0","650","0","Lainnya","-","88","Kadarijali b Kariboe","-","-","-","-","Aktif","Tanah Kering","","976","Mufadillah Kasan");
INSERT INTO asset VALUES("37","1","52B","SII","4400","0","4400","0","Lainnya","-","","","-","-","-","-","Aktif","Sawah","","91","Kasin Kardjono");
INSERT INTO asset VALUES("37","2","61A","DI","9400","0","9400","0","Lainnya","-","","","-","-","-","-","Aktif","Tanah Kering","","91","Kasin Kardjono");
INSERT INTO asset VALUES("37","3","61A","DI","200","0","200","0","Lainnya","-","","","-","-","-","-","Aktif","Tanah Kering","","91","Kasin Kardjono");
INSERT INTO asset VALUES("37","4","61A","DI","200","0","200","0","Lainnya","-","","","-","-","-","-","Aktif","Tanah Kering","","91","Kasin Kardjono");
INSERT INTO asset VALUES("37","5","61A","DI","800","400","800","0","Lainnya","-","","","-","-","-","-","Aktif Sebagian","Tanah Kering","","91","Kasin Kardjono");
INSERT INTO asset VALUES("701","1","61A","DI","400","0","400","0","Lainnya","-","91","Kasin Kardjono","-","-","-","-","Aktif","Tanah Kering","","1047","Suyoto b Kusen");
INSERT INTO asset VALUES("38","1","62","SIII","1200","0","1200","0","Lainnya","-","","","-","-","-","-","Aktif","Sawah","","92","Kadam Kardjani");
INSERT INTO asset VALUES("38","2","52","SI","4550","0","4550","0","Lainnya","-","","","-","-","-","-","Aktif","Sawah","","92","Kadam Kardjani");
INSERT INTO asset VALUES("38","3","50A","DI","1000","0","1000","0","Lainnya","-","","","-","-","-","-","Aktif","Tanah Kering","","92","Kadam Kardjani");
INSERT INTO asset VALUES("38","4","61B","DII","370","0","370","0","Lainnya","-","","","-","-","-","-","Aktif","Tanah Kering","","92","Kadam Kardjani");
INSERT INTO asset VALUES("38","5","50A","DI","210","0","210","0","Lainnya","-","","","-","-","-","-","Aktif","Tanah Kering","","92","Kadam Kardjani");
INSERT INTO asset VALUES("39","1","63","DI","210","1040","210","0","Lainnya","-","","","-","-","-","-","Aktif Sebagian","Tanah Kering","","95","Kasmo Kasam");
INSERT INTO asset VALUES("39","2","61A","DI","0","450","0","0","Lainnya","-","","","-","-","-","-","Tidak Aktif","Tanah Kering","","95","Kasmo Kasam");
INSERT INTO asset VALUES("39","3","61A","DI","0","180","0","0","Lainnya","-","","","-","-","-","-","Tidak Aktif","Tanah Kering","","95","Kasmo Kasam");
INSERT INTO asset VALUES("40","1","63","DI","750","0","750","0","Lainnya","-","","","-","-","-","-","Aktif","Tanah Kering","","97","Karso Kaspan ");
INSERT INTO asset VALUES("41","1","19","DI","400","0","400","0","Lainnya","-","","","-","-","-","-","Aktif","Tanah Kering","","101","Karso Merto");
INSERT INTO asset VALUES("43","1","37","DI","0","650","0","0","Lainnya","-","","","-","-","-","-","Tidak Aktif","Tanah Kering","","105","Kastawi Harto");
INSERT INTO asset VALUES("43","2","42","DII","710","0","710","0","Lainnya","-","","","-","-","-","-","Aktif","Tanah Kering","","105","Kastawi Harto");
INSERT INTO asset VALUES("43","3","42","DII","800","0","800","0","Lainnya","-","","","-","-","-","-","Aktif","Tanah Kering","","105","Kastawi Harto");
INSERT INTO asset VALUES("43","4","42","DII","500","0","500","0","Lainnya","-","","","-","-","-","-","Aktif","Tanah Kering","","105","Kastawi Harto");
INSERT INTO asset VALUES("43","5","42","DII","500","0","500","0","Lainnya","-","","","-","-","-","-","Aktif","Tanah Kering","","105","Kastawi Harto");
INSERT INTO asset VALUES("43","6","61A","DI","450","0","450","0","Lainnya","-","","","-","-","-","-","Aktif","Tanah Kering","","105","Kastawi Harto");
INSERT INTO asset VALUES("45","1","9","SII","2050","0","2050","0","Lainnya","-","","","-","-","-","-","Aktif","Sawah","","110","Masoed H Moenasip");
INSERT INTO asset VALUES("45","2","5","DI","670","1330","670","0","Lainnya","-","","","-","-","-","-","Aktif Sebagian","Tanah Kering","","110","Masoed H Moenasip");
INSERT INTO asset VALUES("45","3","6","DI","1200","0","1200","0","Lainnya","-","","","-","-","-","-","Aktif","Tanah Kering","","110","Masoed H Moenasip");
INSERT INTO asset VALUES("633","1","5","DI","1330","0","1330","0","Lainnya","-","110","Masoed H Moenasip","-","-","-","-","Aktif","Tanah Kering","","978","Maehmud Masud");
INSERT INTO asset VALUES("47","1","25","DI","0","550","0","0","Lainnya","-","","","-","-","-","-","Tidak Aktif","Tanah Kering","","118","Marsi Sapawi");
INSERT INTO asset VALUES("601","1","25","DI","550","0","550","0","Lainnya","-","118","Marsi Sapawi","-","-","-","-","Aktif","Tanah Kering","","945","Kobro Kastari");
INSERT INTO asset VALUES("49","1","52A","SI","4100","0","4100","0","Lainnya","-","","","-","-","-","-","Aktif","Sawah","","120","Moenadjat Badroen");
INSERT INTO asset VALUES("50","1","60","DI","210","160","210","0","Lainnya","-","","","-","-","-","-","Aktif Sebagian","Tanah Kering","","121","Martomo Kromo");
INSERT INTO asset VALUES("579","1","60","DI","170","0","170","0","Lainnya","-","121","Martomo Kromo","-","-","-","-","Aktif","Tanah Kering","","923","Rumani  Tumani");
INSERT INTO asset VALUES("580","1","60","DI","210","0","210","0","Lainnya","-","121","Martomo Kromo","-","-","-","-","Aktif","Tanah Kering","","924","Dasuri Tumani");
INSERT INTO asset VALUES("581","1","60","DI","160","0","160","0","Lainnya","-","121","Martomo Kromo","-","-","-","-","Aktif","Tanah Kering","","925","Suwanti Tumani");
INSERT INTO asset VALUES("51","1","54A","DI","0","820","0","0","Lainnya","-","","","-","-","-","-","Tidak Aktif","Tanah Kering","","123","Moestari Said");
INSERT INTO asset VALUES("51","2","57","DI","350","0","350","0","Lainnya","-","","","-","-","-","-","Aktif","Tanah Kering","","123","Moestari Said");
INSERT INTO asset VALUES("847","1","54A","DI","820","0","820","0","Lainnya","-","123","Moestari Said","-","-","-","-","Aktif","Tanah Kering","","1210","Supait Kumyati");
INSERT INTO asset VALUES("52","1","2","DII","300","0","300","0","Lainnya","-","","","-","-","-","-","Aktif","Tanah Kering","","126","Moeksin Dalimin");
INSERT INTO asset VALUES("53","1","49","DI","0","1350","0","0","Lainnya","-","","","-","-","-","-","Tidak Aktif","Tanah Kering","","130","Moehamad Doelah");
INSERT INTO asset VALUES("792","1","49","DI","257","717","257","0","Lainnya","1990","130","Moehamad Doelah","-","-","-","-","Aktif Sebagian","Tanah Kering","","1149","Kusno Miah");
INSERT INTO asset VALUES("54","1","7","DI","0","350","0","0","Lainnya","-","","","-","-","-","-","Tidak Aktif","Tanah Kering","","133","Marsam Djajoes");
INSERT INTO asset VALUES("55","1","20","SII","4400","0","4400","0","Lainnya","-","","","-","-","-","-","Aktif","Sawah","","135","Ngari Sapijan");
INSERT INTO asset VALUES("55","2","5","DI","0","500","0","0","Lainnya","-","","","-","-","-","-","Tidak Aktif","Tanah Kering","","135","Ngari Sapijan");
INSERT INTO asset VALUES("773","1","5","DI","500","0","500","0","Lainnya","1989","135","Ngari Sapijan","-","-","-","-","Aktif","Tanah Kering","","1125","Sukamto");
INSERT INTO asset VALUES("56","1","8","DI","790","0","790","0","Lainnya","-","","","-","-","-","-","Aktif","Tanah Kering","","136","Ngatijah Soehidi");
INSERT INTO asset VALUES("58","1","41","DI","650","0","650","0","Lainnya","-","","","-","-","-","-","Aktif","Tanah Kering","","142","Natri b Mito");
INSERT INTO asset VALUES("58","2","42","DII","720","0","720","0","Lainnya","-","","","-","-","-","-","Aktif","Tanah Kering","","142","Natri b Mito");
INSERT INTO asset VALUES("60","1","65","DI","270","0","270","0","Lainnya","-","","","-","-","-","-","Aktif","Tanah Kering","","152","Ngapi b Sawon");
INSERT INTO asset VALUES("880","1","29","SI","4950","0","4950","0","Lainnya","-","","","-","-","-","-","Aktif","Sawah","","154","Nasni b wasit");
INSERT INTO asset VALUES("880","2","61A","DI","900","0","900","0","Lainnya","-","","","-","-","-","-","Aktif","Tanah Kering","","154","Nasni b wasit");
INSERT INTO asset VALUES("61","1","56","DI","0","250","0","0","Lainnya","-","","","-","-","-","-","Tidak Aktif","Tanah Kering","","158","Ngarminah b Ngarman");
INSERT INTO asset VALUES("746","1","56","DI","250","0","250","0","Lainnya","-","158","Ngarminah b Ngarman","-","-","-","-","Aktif","Tanah Kering","","1095","Sumi bt Narso");
INSERT INTO asset VALUES("881","1","52","SI","4950","0","4950","0","Lainnya","-","","","-","-","-","-","Aktif","Sawah","","159","Ngamin Ngasto");
INSERT INTO asset VALUES("62","1","42","DII","400","0","400","0","Lainnya","-","","","-","-","-","-","Aktif","Tanah Kering","","160","Narkan Harso");
INSERT INTO asset VALUES("63","1","49","DI","1450","210","1450","0","Lainnya","-","","","-","-","-","-","Aktif Sebagian","Tanah Kering","","162","Oesoep Ngarmo");
INSERT INTO asset VALUES("655","1","49","DI","210","0","210","0","Lainnya","-","162","Oesoep Ngarmo","-","-","-","-","Aktif","Tanah Kering","","1000","Ruji Suyadi");
INSERT INTO asset VALUES("66","1","21","DI","200","0","200","0","Lainnya","-","","","-","-","-","-","Aktif","Tanah Kering","","165","Pawi Tasmin");
INSERT INTO asset VALUES("68","1","34","DI","1000","0","1000","0","Lainnya","-","","","-","-","-","-","Aktif","Tanah Kering","","171","Piran Ngasmo");
INSERT INTO asset VALUES("68","2","49","DI","30","0","30","0","Lainnya","-","","","-","-","-","-","Aktif","Tanah Kering","","171","Piran Ngasmo");
INSERT INTO asset VALUES("68","3","49","DI","190","560","190","0","Lainnya","-","","","-","-","-","-","Aktif Sebagian","Tanah Kering","","171","Piran Ngasmo");
INSERT INTO asset VALUES("68","4","49","DI","0","750","0","0","Lainnya","-","","","-","-","-","-","Tidak Aktif","Tanah Kering","","171","Piran Ngasmo");
INSERT INTO asset VALUES("68","5","65","DI","220","0","220","0","Lainnya","-","","","-","-","-","-","Aktif","Tanah Kering","","171","Piran Ngasmo");
INSERT INTO asset VALUES("68","6","65","DI","0","200","0","0","Lainnya","-","","","-","-","-","-","Tidak Aktif","Tanah Kering","","171","Piran Ngasmo");
INSERT INTO asset VALUES("653","1","49","DI","30","530","30","0","Lainnya","-","171","Piran Ngasmo","-","-","-","-","Aktif Sebagian","Tanah Kering","","997","Nurhayati Tisnak");
INSERT INTO asset VALUES("673","1","49","DI","750","0","750","0","Lainnya","-","171","Piran Ngasmo","-","-","-","-","Aktif","Tanah Kering","","1018","Sujiah Piran");
INSERT INTO asset VALUES("673","2","65","DI","200","0","200","0","Lainnya","-","171","Piran Ngasmo","-","-","-","-","Aktif","Tanah Kering","","1018","Sujiah Piran");
INSERT INTO asset VALUES("69","1","61B","DII","0","250","0","0","Lainnya","-","","","-","-","-","-","Tidak Aktif","Tanah Kering","","173","Paidjan Kewil");
INSERT INTO asset VALUES("714","1","61B","DII","250","0","250","0","Lainnya","1986","173","Paidjan Kewil","-","-","-","-","Aktif","Tanah Kering","","1060","Tumono");
INSERT INTO asset VALUES("70","1","5","DI","300","0","300","0","Lainnya","-","","","-","-","-","-","Aktif","Tanah Kering","","177","Kasdam Kasnawi");
INSERT INTO asset VALUES("70","2","5","DI","400","0","400","0","Lainnya","-","","","-","-","-","-","Aktif","Tanah Kering","","177","Kasdam Kasnawi");
INSERT INTO asset VALUES("70","3","5","DI","300","0","300","0","Lainnya","-","","","-","-","-","-","Aktif","Tanah Kering","","177","Kasdam Kasnawi");
INSERT INTO asset VALUES("71","1","1","SII","3900","0","3900","0","Lainnya","-","","","-","-","-","-","Aktif","Sawah","","179","Rasmin Raboen");
INSERT INTO asset VALUES("73","1","20","SI","9450","0","9450","0","Lainnya","-","","","-","-","-","-","Aktif","Sawah","","182","Katoe Samsoeri");
INSERT INTO asset VALUES("74","1","20","SII","3700","0","3700","0","Lainnya","-","","","-","-","-","-","Aktif","Sawah","","183","Ramidi Kardi");
INSERT INTO asset VALUES("74","2","5","DI","140","0","140","0","Lainnya","-","","","-","-","-","-","Aktif","Tanah Kering","","183","Ramidi Kardi");
INSERT INTO asset VALUES("74","3","6","DI","950","0","950","0","Lainnya","-","","","-","-","-","-","Aktif","Tanah Kering","","183","Ramidi Kardi");
INSERT INTO asset VALUES("75","1","19","DI","140","0","140","0","Lainnya","-","","","-","-","-","-","Aktif","Tanah Kering","","187","Rali Achmad");
INSERT INTO asset VALUES("75","2","21","DII","400","0","400","0","Lainnya","-","","","-","-","-","-","Aktif","Tanah Kering","","187","Rali Achmad");
INSERT INTO asset VALUES("75","3","21","DII","250","0","250","0","Lainnya","-","","","-","-","-","-","Aktif","Tanah Kering","","187","Rali Achmad");
INSERT INTO asset VALUES("76","1","26","DI","1200","0","1200","0","Lainnya","-","","","-","-","-","-","Aktif","Tanah Kering","","190","Rani b Wijo");
INSERT INTO asset VALUES("77","1","13A","SII","3940","1960","3940","0","Lainnya","-","","","-","-","-","-","Aktif Sebagian","Sawah","","191","Roebini b Kardjono");
INSERT INTO asset VALUES("78","1","25","DI","350","0","350","0","Lainnya","-","","","-","-","-","-","Aktif","Tanah Kering","","192","Roesmi Djinal");
INSERT INTO asset VALUES("79","1","40","SI","550","0","550","0","Lainnya","-","","","-","-","-","-","Aktif","Sawah","","194","Reso Sal");
INSERT INTO asset VALUES("79","2","40","SI","5500","0","5500","0","Lainnya","-","","","-","-","-","-","Aktif","Sawah","","194","Reso Sal");
INSERT INTO asset VALUES("79","3","41","DI","1300","0","1300","0","Lainnya","-","","","-","-","-","-","Aktif","Tanah Kering","","194","Reso Sal");
INSERT INTO asset VALUES("80","1","61B","DII","380","0","380","0","Lainnya","-","","","-","-","-","-","Aktif","Tanah Kering","","203","Remin Kasto");
INSERT INTO asset VALUES("82","1","52A","DI","0","1840","0","0","Lainnya","-","","","-","-","-","-","Tidak Aktif","Tanah Kering","","207","Redjo Martoredjo");
INSERT INTO asset VALUES("82","2","52A","DI","840","0","840","0","Lainnya","-","","","-","-","-","-","Aktif","Tanah Kering","","207","Redjo Martoredjo");
INSERT INTO asset VALUES("83","1","8","DI","0","350","0","0","Lainnya","-","","","-","-","-","-","Tidak Aktif","Tanah Kering","","214","Sardi b Kasan");
INSERT INTO asset VALUES("84","1","6","DI","500","0","500","0","Lainnya","-","","","-","-","-","-","Aktif","Tanah Kering","","219","Siti b Moekadah");
INSERT INTO asset VALUES("84","2","6","DI","1650","0","1650","0","Lainnya","-","","","-","-","-","-","Aktif","Tanah Kering","","219","Siti b Moekadah");
INSERT INTO asset VALUES("85","1","6","DI","0","300","0","0","Lainnya","-","","","-","-","-","-","Tidak Aktif","Tanah Kering","","220","Siti b Moechajar");
INSERT INTO asset VALUES("819","1","6","DI","300","0","300","0","Lainnya","-","220","Siti b Moechajar","-","-","-","-","Aktif","Tanah Kering","","1140","Kamdi B Karso");
INSERT INTO asset VALUES("86","1","20","SI","4000","0","4000","0","Lainnya","-","","","-","-","-","-","Aktif","Sawah","","221","Soekemi Kamawi");
INSERT INTO asset VALUES("86","2","7","DI","350","0","350","0","Lainnya","-","","","-","-","-","-","Aktif","Tanah Kering","","221","Soekemi Kamawi");
INSERT INTO asset VALUES("86","3","6","DI","200","0","200","0","Lainnya","-","","","-","-","-","-","Aktif","Tanah Kering","","221","Soekemi Kamawi");
INSERT INTO asset VALUES("87","1","20","SII","4050","0","4050","0","Lainnya","-","","","-","-","-","-","Aktif","Sawah","","225","Soetimah b Salpan");
INSERT INTO asset VALUES("87","2","5","DI","2000","0","2000","0","Lainnya","-","","","-","-","-","-","Aktif","Tanah Kering","","225","Soetimah b Salpan");
INSERT INTO asset VALUES("88","1","2","DI","300","0","300","0","Lainnya","-","","","-","-","-","-","Aktif","Tanah Kering","","227","Iman Marto");
INSERT INTO asset VALUES("89","1","2","DII","300","0","300","0","Lainnya","-","","","-","-","-","-","Aktif","Tanah Kering","","229","Sapijan markoesen");
INSERT INTO asset VALUES("89","2","5","DI","290","0","290","0","Lainnya","-","","","-","-","-","-","Aktif","Tanah Kering","","229","Sapijan markoesen");
INSERT INTO asset VALUES("89","3","5","DI","300","0","300","0","Lainnya","-","","","-","-","-","-","Aktif","Tanah Kering","","229","Sapijan markoesen");
INSERT INTO asset VALUES("89","4","5","DI","300","0","300","0","Lainnya","-","","","-","-","-","-","Aktif","Tanah Kering","","229","Sapijan markoesen");
INSERT INTO asset VALUES("89","5","5","DI","90","0","90","0","Lainnya","-","","","-","-","-","-","Aktif","Tanah Kering","","229","Sapijan markoesen");
INSERT INTO asset VALUES("89","6","5","DI","110","0","110","0","Lainnya","-","","","-","-","-","-","Aktif","Tanah Kering","","229","Sapijan markoesen");
INSERT INTO asset VALUES("89","7","5","DI","110","0","110","0","Lainnya","-","","","-","-","-","-","Aktif","Tanah Kering","","229","Sapijan markoesen");
INSERT INTO asset VALUES("90","1","21","DII","30","0","30","0","Lainnya","-","","","-","-","-","-","Aktif","Tanah Kering","","230","Sadam Tani");
INSERT INTO asset VALUES("91","1","19","DI","100","0","100","0","Lainnya","-","","","-","-","-","-","Aktif","Tanah Kering","","231","Sarmo Achmad");
INSERT INTO asset VALUES("91","2","19","DI","140","0","140","0","Lainnya","-","","","-","-","-","-","Aktif","Tanah Kering","","231","Sarmo Achmad");
INSERT INTO asset VALUES("92","1","19","DI","140","0","140","0","Lainnya","-","","","-","-","-","-","Aktif","Tanah Kering","","232","Soepan achmad");
INSERT INTO asset VALUES("94","1","13A","SII","4700","0","4700","0","Lainnya","-","","","-","-","-","-","Aktif","Sawah","","238","Sipan Reso");
INSERT INTO asset VALUES("94","2","19","DI","450","0","450","0","Lainnya","-","","","-","-","-","-","Aktif","Tanah Kering","","238","Sipan Reso");
INSERT INTO asset VALUES("95","1","26","DI","0","350","0","0","Lainnya","-","","","-","-","-","-","Tidak Aktif","Tanah Kering","","241","Sarwi B Amad");
INSERT INTO asset VALUES("589","1","26","DI","350","0","350","0","Lainnya","-","241","Sarwi B Amad","-","-","-","-","Aktif","Tanah Kering","","933","Suwandi Wardi");
INSERT INTO asset VALUES("97","1","25","DI","160","240","160","0","Lainnya","-","","","-","-","-","-","Aktif Sebagian","Tanah Kering","","244","Soedjah Repan");
INSERT INTO asset VALUES("97","2","25","DI","50","0","50","0","Lainnya","-","","","-","-","-","-","Aktif","Tanah Kering","","244","Soedjah Repan");
INSERT INTO asset VALUES("97","3","25","DI","30","170","30","0","Lainnya","-","","","-","-","-","-","Aktif Sebagian","Tanah Kering","","244","Soedjah Repan");
INSERT INTO asset VALUES("704","1","25","DI","240","0","240","0","Lainnya","-","244","Soedjah Repan","-","-","-","-","Aktif","Tanah Kering","","1050","Suhud  Iyakl");
INSERT INTO asset VALUES("705","1","25","DI","170","0","170","0","Lainnya","-","244","Soedjah Repan","-","-","-","-","Aktif","Tanah Kering","","1051","Ngarsin Keman");
INSERT INTO asset VALUES("98","1","25","DI","0","230","0","0","Lainnya","-","","","-","-","-","-","Tidak Aktif","Tanah Kering","","245","Soelimah b Mito");
INSERT INTO asset VALUES("98","2","35","DI","350","210","350","0","Lainnya","-","","","-","-","-","-","Aktif Sebagian","Tanah Kering","","245","Soelimah b Mito");
INSERT INTO asset VALUES("99","1","25","DI","450","0","450","0","Lainnya","-","","","-","-","-","-","Aktif","Tanah Kering","","247","Soemini doelkarim");
INSERT INTO asset VALUES("99","2","26","DI","50","0","50","0","Lainnya","-","","","-","-","-","-","Aktif","Tanah Kering","","247","Soemini doelkarim");
INSERT INTO asset VALUES("100","1","13B","SIII","10700","0","10700","0","Lainnya","-","","","-","-","-","-","Aktif","Sawah","","248","Sastroredjo Sarman");
INSERT INTO asset VALUES("101","1","40","SII","4600","0","4600","0","Lainnya","-","","","-","-","-","-","Aktif","Sawah","","252","Somo Repan");
INSERT INTO asset VALUES("101","2","41","DI","1000","0","1000","0","Lainnya","-","","","-","-","-","-","Aktif","Tanah Kering","","252","Somo Repan");
INSERT INTO asset VALUES("717","1","63","DI","293","278","293","0","Lainnya","1986","95","Kasmo Kasam","-","-","-","-","Aktif Sebagian","Tanah Kering","","1063","Sukadi B Kasmo");
INSERT INTO asset VALUES("718","1","63","DI","1040","0","1040","0","Lainnya","1986","95","Kasmo Kasam","-","-","-","-","Aktif","Tanah Kering","","1064","Sukiyah bt Kasmo");
INSERT INTO asset VALUES("104","1","41","DI","700","0","700","0","Lainnya","-","","","-","-","-","-","Aktif","Tanah Kering","","258","Soeradi Kasiman");
INSERT INTO asset VALUES("104","2","41","DI","750","0","750","0","Lainnya","-","","","-","-","-","-","Aktif","Tanah Kering","","258","Soeradi Kasiman");
INSERT INTO asset VALUES("104","3","49","DI","290","0","290","0","Lainnya","-","","","-","-","-","-","Aktif","Tanah Kering","","258","Soeradi Kasiman");
INSERT INTO asset VALUES("104","4","61A","DI","150","0","150","0","Lainnya","-","","","-","-","-","-","Aktif","Tanah Kering","","258","Soeradi Kasiman");
INSERT INTO asset VALUES("106","1","41","DI","0","230","0","0","Lainnya","-","","","-","-","-","-","Tidak Aktif","Tanah Kering","","260","Soemito Samin");
INSERT INTO asset VALUES("106","2","41","DI","0","260","0","0","Lainnya","-","","","-","-","-","-","Tidak Aktif","Tanah Kering","","260","Soemito Samin");
INSERT INTO asset VALUES("780","1","41","DI","220","0","220","0","Lainnya","1989","260","Soemito Samin","-","-","-","-","Aktif","Tanah Kering","","1133","Jaman");
INSERT INTO asset VALUES("781","1","41","DI","230","0","230","0","Lainnya","1989","260","Soemito Samin","-","-","-","-","Aktif","Tanah Kering","","1134","Samsu");
INSERT INTO asset VALUES("782","1","41","DI","260","0","260","0","Lainnya","1989","260","Soemito Samin","-","-","-","-","Aktif","Tanah Kering","","1135","Warno");
INSERT INTO asset VALUES("107","1","41","DI","1000","0","1000","0","Lainnya","-","","","-","-","-","-","Aktif","Tanah Kering","","262","Soelijah b Kardjo");
INSERT INTO asset VALUES("108","1","52","SI","5100","0","5100","0","Lainnya","-","","","-","-","-","-","Aktif","Sawah","","267","Semitro Min");
INSERT INTO asset VALUES("108","2","37","DI","450","0","450","0","Lainnya","-","","","-","-","-","-","Aktif","Tanah Kering","","267","Semitro Min");
INSERT INTO asset VALUES("109","1","42","DII","150","0","150","0","Lainnya","-","","","-","-","-","-","Aktif","Tanah Kering","","269","Samin B Tatawi");
INSERT INTO asset VALUES("109","2","49","DI","240","460","240","0","Lainnya","-","","","-","-","-","-","Aktif Sebagian","Tanah Kering","","269","Samin B Tatawi");
INSERT INTO asset VALUES("808","1","49","DI","460","0","460","0","Lainnya","-","269","Samin B Tatawi","-","-","-","-","Aktif","Tanah Kering","","1166","Susiyo Suyati");
INSERT INTO asset VALUES("111","1","36","DI","0","1000","0","0","Lainnya","-","","","-","-","-","-","Tidak Aktif","Tanah Kering","","272","Senah b Redjo");
INSERT INTO asset VALUES("112","1","36","DI","1400","0","1400","0","Lainnya","-","","","-","-","-","-","Aktif","Tanah Kering","","273","Soepi b Blawoe");
INSERT INTO asset VALUES("112","2","36","DI","970","0","970","0","Lainnya","-","","","-","-","-","-","Aktif","Tanah Kering","","273","Soepi b Blawoe");
INSERT INTO asset VALUES("114","1","29","SII","2330","2320","2330","0","Lainnya","-","","","-","-","-","-","Aktif Sebagian","Sawah","","275","Sasemito Sarmin");
INSERT INTO asset VALUES("114","2","49","DI","900","0","900","0","Lainnya","-","","","-","-","-","-","Aktif","Tanah Kering","","275","Sasemito Sarmin");
INSERT INTO asset VALUES("830","1","29","SII","2320","0","2320","0","Lainnya","-","275","Sasemito Sarmin","-","-","-","-","Aktif","Sawah","","1194","Tumijan");
INSERT INTO asset VALUES("115","1","49","DI","450","0","450","0","Lainnya","-","","","-","-","-","-","Aktif","Tanah Kering","","276","Sarpin Merto");
INSERT INTO asset VALUES("116","1","57","DI","1420","280","1420","0","Lainnya","-","","","-","-","-","-","Aktif Sebagian","Tanah Kering","","281","Somo Siman");
INSERT INTO asset VALUES("748","1","57","DI","280","0","280","0","Lainnya","-","281","Somo Siman","-","-","-","-","Aktif","Tanah Kering","","1097","Kiswati bt Mamroji");
INSERT INTO asset VALUES("118","1","60","DI","710","210","710","0","Lainnya","-","","","-","-","-","-","Aktif Sebagian","Tanah Kering","","284","Sami b Rais");
INSERT INTO asset VALUES("742","1","60","DI","280","0","280","0","Lainnya","1987","284","Sami b Rais","-","-","-","-","Aktif","Tanah Kering","","1090","Mardi");
INSERT INTO asset VALUES("763","1","60","DI","210","0","210","0","Lainnya","1988","284","Sami b Rais","-","-","-","-","Aktif","Tanah Kering","","1112","Kiyah bt Sarkan");
INSERT INTO asset VALUES("119","1","65","DI","0","1000","0","0","Lainnya","-","","","-","-","-","-","Tidak Aktif","Tanah Kering","","285","Sarto Kasah");
INSERT INTO asset VALUES("729","1","65","DI","1450","0","1450","0","Lainnya","1986","285","Sarto Kasah","-","-","-","-","Aktif","Tanah Kering","","1075","Masro b Sapto");
INSERT INTO asset VALUES("120","1","60","DI","0","300","0","0","Lainnya","-","","","-","-","-","-","Tidak Aktif","Tanah Kering","","286","Senin Nastro");
INSERT INTO asset VALUES("730","1","65","DI","1000","0","1000","0","Lainnya","1986","285","Sarto Kasah","-","-","-","-","Aktif","Tanah Kering","","1076","Kartono Sarto");
INSERT INTO asset VALUES("719","1","60","DI","300","0","300","0","Lainnya","1986","286","Senin Nastro","-","-","-","-","Aktif","Tanah Kering","","1065","Suki Kamin");
INSERT INTO asset VALUES("122","1","61A","DI","1200","0","1200","0","Lainnya","-","","","-","-","-","-","Aktif","Tanah Kering","","291","Saman Sarkawi");
INSERT INTO asset VALUES("123","1","61A","DI","1350","0","1350","0","Lainnya","-","","","-","-","-","-","Aktif","Tanah Kering","","293","Sarti b Sahid");
INSERT INTO asset VALUES("124","1","61B","DII","350","0","350","0","Lainnya","-","","","-","-","-","-","Aktif","Tanah Kering","","297","Sanah b Radimin");
INSERT INTO asset VALUES("125","1","40","SII","4550","0","4550","0","Lainnya","-","","","-","-","-","-","Aktif","Sawah","","298","Sarijan Merto");
INSERT INTO asset VALUES("125","2","61B","DII","600","0","600","0","Lainnya","-","","","-","-","-","-","Aktif","Tanah Kering","","298","Sarijan Merto");
INSERT INTO asset VALUES("126","1","61B","DI","450","140","450","0","Lainnya","-","","","-","-","-","-","Aktif Sebagian","Tanah Kering","","299","Sarto Samin");
INSERT INTO asset VALUES("606","1","61B","DI","210","0","210","0","Lainnya","-","299","Sarto Samin","-","-","-","-","Aktif","Tanah Kering","","950","Kadi b Kasmo");
INSERT INTO asset VALUES("822","1","61B","DI","140","0","140","0","Lainnya","1990","299","Sarto Samin","-","-","-","-","Aktif","Tanah Kering","","1178","Tukiyah Kemi");
INSERT INTO asset VALUES("127","1","63","DI","0","400","0","0","Lainnya","-","","","-","-","-","-","Tidak Aktif","Tanah Kering","","300","Sarminah b Redjo");
INSERT INTO asset VALUES("760","1","63","DI","400","0","400","0","Lainnya","1988","300","Sarminah b Redjo","-","-","-","-","Aktif","Tanah Kering","","1109","Sumito / Solekah");
INSERT INTO asset VALUES("129","1","53A","DI","300","0","300","0","Lainnya","-","","","-","-","-","-","Aktif","Tanah Kering","","308","Soeki b Wardi");
INSERT INTO asset VALUES("130","1","52A","SI","4400","0","4400","0","Lainnya","-","","","-","-","-","-","Aktif","Sawah","","310","Soedjinah b Simin");
INSERT INTO asset VALUES("131","1","61B","DII","900","0","900","0","Lainnya","-","","","-","-","-","-","Aktif","Tanah Kering","","313","Senah b Salam");
INSERT INTO asset VALUES("132","1","57","DI","270","0","270","0","Lainnya","-","","","-","-","-","-","Aktif","Tanah Kering","","314","Soelawi Rachman");
INSERT INTO asset VALUES("133","1","30","SI","4550","0","4550","0","Lainnya","-","","","-","-","-","-","Aktif","Sawah","","315","Soemar Redjo");
INSERT INTO asset VALUES("133","2","50A","DI","420","480","420","0","Lainnya","-","","","-","-","-","-","Aktif Sebagian","Tanah Kering","","315","Soemar Redjo");
INSERT INTO asset VALUES("134","1","37","DI","550","0","550","0","Lainnya","-","","","-","-","-","-","Aktif","Tanah Kering","","316","Soewarno Samerto");
INSERT INTO asset VALUES("135","1","19","DI","200","0","200","0","Lainnya","-","","","-","-","-","-","Aktif","Tanah Kering","","318","Sabari Merto");
INSERT INTO asset VALUES("135","2","19","DI","400","0","400","0","Lainnya","-","","","-","-","-","-","Aktif","Tanah Kering","","318","Sabari Merto");
INSERT INTO asset VALUES("136","1","21","DII","400","0","400","0","Lainnya","-","","","-","-","-","-","Aktif","Tanah Kering","","319","Siti b Merto");
INSERT INTO asset VALUES("137","1","42","DII","1000","0","1000","0","Lainnya","-","","","-","-","-","-","Aktif","Tanah Kering","","325","Sinah b Dijamin");
INSERT INTO asset VALUES("138","1","60","DI","100","0","100","0","Lainnya","-","","","-","-","-","-","Aktif","Tanah Kering","","326","Soerati b Kromo");
INSERT INTO asset VALUES("139","1","61A","DI","190","0","190","0","Lainnya","-","","","-","-","-","-","Aktif","Tanah Kering","","328","Samidjah b Kromo");
INSERT INTO asset VALUES("140","1","63","DI","0","350","0","0","Lainnya","-","","","-","-","-","-","Tidak Aktif","Tanah Kering","","330","Semi b Warso");
INSERT INTO asset VALUES("609","1","63","DI","600","0","600","0","Lainnya","-","330","Semi b Warso","-","-","-","-","Aktif","Tanah Kering","","953","Sumani Sardan");
INSERT INTO asset VALUES("141","1","29","SI","5000","0","5000","0","Lainnya","-","","","-","-","-","-","Aktif","Sawah","","333","Tismo Kasmo");
INSERT INTO asset VALUES("610","1","63","DI","350","0","350","0","Lainnya","-","330","Semi b Warso","-","-","-","-","Aktif","Tanah Kering","","954","Solikin Setin");
INSERT INTO asset VALUES("142","1","57","DI","100","0","100","0","Lainnya","-","","","-","-","-","-","Aktif","Tanah Kering","","339","Tajimah b Ngasman");
INSERT INTO asset VALUES("144","1","61B","DII","250","0","250","0","Lainnya","-","","","-","-","-","-","Aktif","Tanah Kering","","341","Tarsih b Toemboek");
INSERT INTO asset VALUES("145","1","5","DI","0","600","0","0","Lainnya","-","","","-","-","-","-","Tidak Aktif","Tanah Kering","","344","Warmi b Doelgani");
INSERT INTO asset VALUES("768","1","5","DI","600","0","600","0","Lainnya","1989","344","Warmi b Doelgani","-","-","-","-","Aktif","Tanah Kering","","1117","Komariyah");
INSERT INTO asset VALUES("146","1","21","DII","250","0","250","0","Lainnya","-","","","-","-","-","-","Aktif","Tanah Kering","","345","Wartimah b Sarto");
INSERT INTO asset VALUES("146","2","21","DII","200","0","200","0","Lainnya","-","","","-","-","-","-","Aktif","Tanah Kering","","345","Wartimah b Sarto");
INSERT INTO asset VALUES("146","3","21","DII","350","0","350","0","Lainnya","-","","","-","-","-","-","Aktif","Tanah Kering","","345","Wartimah b Sarto");
INSERT INTO asset VALUES("146","4","21","DII","150","0","150","0","Lainnya","-","","","-","-","-","-","Aktif","Tanah Kering","","345","Wartimah b Sarto");
INSERT INTO asset VALUES("148","1","30","SII","4400","0","4400","0","Lainnya","-","","","-","-","-","-","Aktif","Sawah","","352","Warti b Wardjo");
INSERT INTO asset VALUES("148","2","41","DI","250","0","250","0","Lainnya","-","","","-","-","-","-","Aktif","Tanah Kering","","352","Warti b Wardjo");
INSERT INTO asset VALUES("148","3","41","DI","130","0","130","0","Lainnya","-","","","-","-","-","-","Aktif","Tanah Kering","","352","Warti b Wardjo");
INSERT INTO asset VALUES("148","4","50A","DI","150","0","150","0","Lainnya","-","","","-","-","-","-","Aktif","Tanah Kering","","352","Warti b Wardjo");
INSERT INTO asset VALUES("148","5","63","DI","1800","0","1800","0","Lainnya","-","","","-","-","-","-","Aktif","Tanah Kering","","352","Warti b Wardjo");
INSERT INTO asset VALUES("149","1","5","DI","300","0","300","0","Lainnya","-","","","-","-","-","-","Aktif","Tanah Kering","","357","Warti b Kasnawi");
INSERT INTO asset VALUES("150","1","6","DI","50","0","50","0","Lainnya","-","","","-","-","-","-","Aktif","Tanah Kering","","358","Warsid Salimin");
INSERT INTO asset VALUES("151","1","29","SII","4850","0","4850","0","Lainnya","-","","","-","-","-","-","Aktif","Sawah","","364","Soepari Saikimin");
INSERT INTO asset VALUES("151","2","61A","DI","0","650","0","0","Lainnya","-","","","-","-","-","-","Tidak Aktif","Tanah Kering","","364","Soepari Saikimin");
INSERT INTO asset VALUES("661","1","61A","DI","650","0","650","0","Lainnya","-","364","Soepari Saikimin","-","-","-","-","Aktif","Tanah Kering","","1006","Mani Bt Joyo");
INSERT INTO asset VALUES("152","1","52","SI","5350","0","5350","0","Lainnya","-","","","-","-","-","-","Aktif","Sawah","","365","Daman Sardjo");
INSERT INTO asset VALUES("153","1","52B","SII","6500","0","6500","0","Lainnya","-","","","-","-","-","-","Aktif","Sawah","","368","Rameli Pawiro");
INSERT INTO asset VALUES("154","1","60","DI","270","180","270","0","Lainnya","-","","","-","-","-","-","Aktif Sebagian","Tanah Kering","","369","Wardjo Djasman");
INSERT INTO asset VALUES("154","2","63","DI","960","0","960","0","Lainnya","-","","","-","-","-","-","Aktif","Tanah Kering","","369","Wardjo Djasman");
INSERT INTO asset VALUES("647","1","60","DI","180","0","180","0","Lainnya","-","369","Wardjo Djasman","-","-","-","-","Aktif","Tanah Kering","","991","Atmi Sawon");
INSERT INTO asset VALUES("157","1","6","DI","750","0","750","0","Lainnya","-","","","-","-","-","-","Aktif","Tanah Kering","","376","Sabidi Karman");
INSERT INTO asset VALUES("160","1","5","DI","0","260","0","0","Lainnya","-","","","-","-","-","-","Tidak Aktif","Tanah Kering","","383","Tarjamah b Kamin");
INSERT INTO asset VALUES("646","1","5","DI","260","0","260","0","Lainnya","-","383","Tarjamah b Kamin","-","-","-","-","Aktif","Tanah Kering","","990","Sutimah Sarjo");
INSERT INTO asset VALUES("161","1","5","DI","260","0","260","0","Lainnya","-","","","-","-","-","-","Aktif","Tanah Kering","","384","Toeriatoen b Kamin");
INSERT INTO asset VALUES("162","1","25","DI","400","0","400","0","Lainnya","-","","","-","-","-","-","Aktif","Tanah Kering","","385","Sadijah b Dirman");
INSERT INTO asset VALUES("164","1","50A","DI","460","0","460","0","Lainnya","-","","","-","-","-","-","Aktif","Tanah Kering","","388","Sarboen marsahid");
INSERT INTO asset VALUES("164","2","54A","DI","700","220","700","0","Lainnya","-","","","-","-","-","-","Aktif Sebagian","Tanah Kering","","388","Sarboen marsahid");
INSERT INTO asset VALUES("700","1","54A","DI","220","0","220","0","Lainnya","-","388","Sarboen marsahid","-","-","-","-","Aktif","Tanah Kering","","1046","Suwaji / Tunah");
INSERT INTO asset VALUES("166","1","49","DI","470","0","470","0","Lainnya","-","","","-","-","-","-","Aktif","Tanah Kering","","390","Djemblik B Amin");
INSERT INTO asset VALUES("168","1","37","DI","0","300","0","0","Lainnya","-","","","-","-","-","-","Tidak Aktif","Tanah Kering","","393","Djoemadi Karman");
INSERT INTO asset VALUES("168","2","37","DI","0","190","0","0","Lainnya","-","","","-","-","-","-","Tidak Aktif","Tanah Kering","","393","Djoemadi Karman");
INSERT INTO asset VALUES("827","1","37","DI","300","0","300","0","Lainnya","-","393","Djoemadi Karman","-","-","-","-","Aktif","Tanah Kering","","1188","Sumiah Miun");
INSERT INTO asset VALUES("827","2","37","DI","190","0","190","0","Lainnya","-","393","Djoemadi Karman","-","-","-","-","Aktif","Tanah Kering","","1188","Sumiah Miun");
INSERT INTO asset VALUES("169","1","19","DI","140","0","140","0","Lainnya","-","","","-","-","-","-","Aktif","Tanah Kering","","396","Ngamin Achmad");
INSERT INTO asset VALUES("170","1","63","DI","500","0","500","0","Lainnya","-","","","-","-","-","-","Aktif","Tanah Kering","","397","Kamin Pawiro");
INSERT INTO asset VALUES("172","1","50A","DI","1000","0","1000","0","Lainnya","-","","","-","-","-","-","Aktif","Tanah Kering","","400","Kaspin  Djoewog");
INSERT INTO asset VALUES("172","2","50A","DI","320","0","320","0","Lainnya","-","","","-","-","-","-","Aktif","Tanah Kering","","400","Kaspin  Djoewog");
INSERT INTO asset VALUES("173","1","50A","DI","600","400","600","0","Lainnya","-","","","-","-","-","-","Aktif Sebagian","Tanah Kering","","401","Manisi b Djami");
INSERT INTO asset VALUES("173","2","60","DI","200","0","200","0","Lainnya","-","","","-","-","-","-","Aktif","Tanah Kering","","401","Manisi b Djami");
INSERT INTO asset VALUES("710","1","50A","DI","400","0","400","0","Lainnya","-","401","Manisi b Djami","-","-","-","-","Aktif","Tanah Kering","","1057","Isri b Sejan");
INSERT INTO asset VALUES("174","1","50A","DI","0","790","0","0","Lainnya","-","","","-","-","-","-","Tidak Aktif","Tanah Kering","","402","Seni b Djami");
INSERT INTO asset VALUES("709","1","50A","DI","790","0","790","0","Lainnya","1986","402","Seni b Djami","-","-","-","-","Aktif","Tanah Kering","","1056","Dasuki b Sejan");
INSERT INTO asset VALUES("175","1","53","SI","3650","0","3650","0","Lainnya","-","","","-","-","-","-","Aktif","Sawah","","404","Kastamah B Maskasan");
INSERT INTO asset VALUES("177","1","61A","DI","0","190","0","0","Lainnya","-","","","-","-","-","-","Tidak Aktif","Tanah Kering","","410","Soemanah b Kasah");
INSERT INTO asset VALUES("599","1","61A","DI","160","0","160","0","Lainnya","-","410","Soemanah b Kasah","-","-","-","-","Aktif","Tanah Kering","","943","Suwarto Sastrorejo");
INSERT INTO asset VALUES("600","1","61A","DI","190","0","190","0","Lainnya","-","410","Soemanah b Kasah","-","-","-","-","Aktif","Tanah Kering","","944","Sasmo b Seto");
INSERT INTO asset VALUES("179","1","61A","DI","190","0","190","0","Lainnya","-","410","Soemanah b Kasah","-","-","-","-","Aktif","Tanah Kering","","413","Kemi b Tiko");
INSERT INTO asset VALUES("179","2","46","SIII","1400","0","1400","0","Lainnya","-","","","-","-","-","-","Aktif","Sawah","","413","Kemi b Tiko");
INSERT INTO asset VALUES("181","1","19","DI","250","0","250","0","Lainnya","-","","","-","-","-","-","Aktif","Tanah Kering","","416","Samoeri Samin");
INSERT INTO asset VALUES("181","2","19","DI","100","0","100","0","Lainnya","-","","","-","-","-","-","Aktif","Tanah Kering","","416","Samoeri Samin");
INSERT INTO asset VALUES("183","1","21","DII","200","100","200","0","Lainnya","-","","","-","-","-","-","Aktif Sebagian","Tanah Kering","","418","Tian b Ngasem");
INSERT INTO asset VALUES("184","1","6","DI","0","70","0","0","Lainnya","-","","","-","-","-","-","Tidak Aktif","Tanah Kering","","419","Semin Sajem");
INSERT INTO asset VALUES("774","1","6","DI","70","0","70","0","Lainnya","1989","419","Semin Sajem","-","-","-","-","Aktif","Tanah Kering","","1126","Kuntiyah");
INSERT INTO asset VALUES("185","1","5","DI","0","100","0","0","Lainnya","-","","","-","-","-","-","Tidak Aktif","Tanah Kering","","421","Soemari Damin");
INSERT INTO asset VALUES("771","1","5","DI","100","0","100","0","Lainnya","1989","421","Soemari Damin","-","-","-","-","Aktif","Tanah Kering","","1123","Sujiati");
INSERT INTO asset VALUES("186","1","52","SI","4450","0","4450","0","Lainnya","-","","","-","-","-","-","Aktif","Sawah","","422","Wardjo War");
INSERT INTO asset VALUES("188","1","40","SII","4500","0","4500","0","Lainnya","-","","","-","-","-","-","Aktif","Sawah","","427","Kadam Rasmin");
INSERT INTO asset VALUES("188","2","41","DI","1450","0","1450","0","Lainnya","-","","","-","-","-","-","Aktif","Tanah Kering","","427","Kadam Rasmin");
INSERT INTO asset VALUES("190","1","20","SII","3950","0","3950","0","Lainnya","-","","","-","-","-","-","Aktif","Sawah","","430","Moelkam Yasin");
INSERT INTO asset VALUES("192","1","29","SI","5000","0","5000","0","Lainnya","-","","","-","-","-","-","Aktif","Sawah","","433","Makroeb Kasam");
INSERT INTO asset VALUES("195","1","58","DI","280","0","280","0","Lainnya","-","","","-","-","-","-","Aktif","Tanah Kering","","436","Karsi b Rasman");
INSERT INTO asset VALUES("196","1","58","DI","290","0","290","0","Lainnya","-","","","-","-","-","-","Aktif","Tanah Kering","","437","Samlawi Rasman");
INSERT INTO asset VALUES("198","1","12","SII","6050","0","6050","0","Lainnya","-","","","-","-","-","-","Aktif","Sawah","","442","Djojoes  Jasin");
INSERT INTO asset VALUES("198","2","5","DI","1130","0","1130","0","Lainnya","-","","","-","-","-","-","Aktif","Tanah Kering","","442","Djojoes  Jasin");
INSERT INTO asset VALUES("198","3","5","DI","350","0","350","0","Lainnya","-","","","-","-","-","-","Aktif","Tanah Kering","","442","Djojoes  Jasin");
INSERT INTO asset VALUES("198","4","5","DI","220","0","220","0","Lainnya","-","","","-","-","-","-","Aktif","Tanah Kering","","442","Djojoes  Jasin");
INSERT INTO asset VALUES("198","5","5","DI","100","0","100","0","Lainnya","-","","","-","-","-","-","Aktif","Tanah Kering","","442","Djojoes  Jasin");
INSERT INTO asset VALUES("198","6","5","DI","100","0","100","0","Lainnya","-","","","-","-","-","-","Aktif","Tanah Kering","","442","Djojoes  Jasin");
INSERT INTO asset VALUES("199","1","41","DI","120","0","120","0","Lainnya","-","","","-","-","-","-","Aktif","Tanah Kering","","443","Djajim b Sarto");
INSERT INTO asset VALUES("199","2","41","DI","0","250","0","0","Lainnya","-","","","-","-","-","-","Tidak Aktif","Tanah Kering","","443","Djajim b Sarto");
INSERT INTO asset VALUES("621","1","41","DI","250","0","250","0","Lainnya","-","443","Djajim b Sarto","-","-","-","-","Aktif","Tanah Kering","","965","Sukar b Sarto");
INSERT INTO asset VALUES("201","1","9","SII","4500","0","4500","0","Lainnya","-","","","-","-","-","-","Aktif","Sawah","","446","Kamsirah B Kasmoeni");
INSERT INTO asset VALUES("201","2","5","DI","350","0","350","0","Lainnya","-","","","-","-","-","-","Aktif","Tanah Kering","","446","Kamsirah B Kasmoeni");
INSERT INTO asset VALUES("202","1","52B","SII","3500","1750","3500","0","Lainnya","-","","","-","-","-","-","Aktif Sebagian","Sawah","","447","Toedjinah b Kamsin");
INSERT INTO asset VALUES("202","2","50A","DI","850","0","850","0","Lainnya","-","","","-","-","-","-","Aktif","Tanah Kering","","447","Toedjinah b Kamsin");
INSERT INTO asset VALUES("203","1","1","SII","3950","0","3950","0","Lainnya","-","","","-","-","-","-","Aktif","Sawah","","448","Madakin Rohani");
INSERT INTO asset VALUES("205","1","52B","SII","4550","0","4550","0","Lainnya","-","","","-","-","-","-","Aktif","Sawah","","450","Repani Karto");
INSERT INTO asset VALUES("205","2","50A","DI","1500","0","1500","0","Lainnya","-","","","-","-","-","-","Aktif","Tanah Kering","","450","Repani Karto");
INSERT INTO asset VALUES("207","1","35","DI","350","0","350","0","Lainnya","-","","","-","-","-","-","Aktif","Tanah Kering","","452","Narse Tjasmani");
INSERT INTO asset VALUES("207","2","65","DI","0","500","0","0","Lainnya","-","","","-","-","-","-","Tidak Aktif","Tanah Kering","","452","Narse Tjasmani");
INSERT INTO asset VALUES("603","1","65","DI","500","0","500","0","Lainnya","-","452","Narse Tjasmani","-","-","-","-","Aktif","Tanah Kering","","947","Sumiati Toha");
INSERT INTO asset VALUES("208","1","6","DI","100","0","100","0","Lainnya","-","","","-","-","-","-","Aktif","Tanah Kering","","453","Nasem b Soerami");
INSERT INTO asset VALUES("210","1","35","DI","400","0","400","0","Lainnya","-","","","-","-","-","-","Aktif","Tanah Kering","","455","Roepingi Soemantri");
INSERT INTO asset VALUES("210","2","50A","DI","820","0","820","0","Lainnya","-","","","-","-","-","-","Aktif","Tanah Kering","","455","Roepingi Soemantri");
INSERT INTO asset VALUES("211","1","61B","DII","950","0","950","0","Lainnya","-","","","-","-","-","-","Aktif","Tanah Kering","","457","Tasmi b Senan");
INSERT INTO asset VALUES("212","1","57","DI","280","0","280","0","Lainnya","-","","","-","-","-","-","Aktif","Tanah Kering","","458","Kasmin Bero");
INSERT INTO asset VALUES("212","2","57","DI","0","400","0","0","Lainnya","-","","","-","-","-","-","Tidak Aktif","Tanah Kering","","458","Kasmin Bero");
INSERT INTO asset VALUES("619","1","57","DI","400","0","400","0","Lainnya","-","458","Kasmin Bero","-","-","-","-","Aktif","Tanah Kering","","963","Royanah bt Astrojono");
INSERT INTO asset VALUES("213","1","56","DI","250","0","250","0","Lainnya","-","","","-","-","-","-","Aktif","Tanah Kering","","459","Selani Djamin");
INSERT INTO asset VALUES("213","2","56","DI","200","0","200","0","Lainnya","-","","","-","-","-","-","Aktif","Tanah Kering","","459","Selani Djamin");
INSERT INTO asset VALUES("214","1","56","DI","200","0","200","0","Lainnya","-","","","-","-","-","-","Aktif","Tanah Kering","","460","Sawan Wali");
INSERT INTO asset VALUES("215","1","61B","DII","200","0","200","0","Lainnya","-","","","-","-","-","-","Aktif","Tanah Kering","","461","Roekini b Kadim");
INSERT INTO asset VALUES("216","1","34","DI","800","0","800","0","Lainnya","-","","","-","-","-","-","Aktif","Tanah Kering","","463","Kardi Karto");
INSERT INTO asset VALUES("216","2","49","DI","200","0","200","0","Lainnya","-","","","-","-","-","-","Aktif","Tanah Kering","","463","Kardi Karto");
INSERT INTO asset VALUES("217","1","7","DI","0","350","0","0","Lainnya","-","","","-","-","-","-","Tidak Aktif","Tanah Kering","","464","Moehji Maksoem");
INSERT INTO asset VALUES("629","1","7","DI","350","0","350","0","Lainnya","-","464","Moehji Maksoem","-","-","-","-","Aktif","Tanah Kering","","973","Mashud Mastur");
INSERT INTO asset VALUES("218","1","7","DI","730","0","730","0","Lainnya","-","","","-","-","-","-","Aktif","Tanah Kering","","469","Mastoer H Kaer");
INSERT INTO asset VALUES("218","2","7","DI","0","570","0","0","Lainnya","-","","","-","-","-","-","Tidak Aktif","Tanah Kering","","469","Mastoer H Kaer");
INSERT INTO asset VALUES("734","1","7","DI","570","0","570","0","Lainnya","1986","469","Mastoer H Kaer","-","-","-","-","Aktif","Tanah Kering","","1082","Suyono Mastur");
INSERT INTO asset VALUES("223","1","58","DI","0","150","0","0","Lainnya","-","","","-","-","-","-","Tidak Aktif","Tanah Kering","","476","Kemsah B Djojo");
INSERT INTO asset VALUES("222","1","58","DI","150","0","150","0","Lainnya","-","476","Kemsah B Djojo","-","-","-","-","Aktif","Tanah Kering","","475","Reban B Karman");
INSERT INTO asset VALUES("224","1","5","DI","400","0","400","0","Lainnya","-","","","-","-","-","-","Aktif","Tanah Kering","","479","Amin Karto");
INSERT INTO asset VALUES("225","1","57","DI","250","0","250","0","Lainnya","-","","","-","-","-","-","Aktif","Tanah Kering","","486","Kemi b Doelraehman");
INSERT INTO asset VALUES("225","2","58","DI","140","0","140","0","Lainnya","-","","","-","-","-","-","Aktif","Tanah Kering","","486","Kemi b Doelraehman");
INSERT INTO asset VALUES("226","1","26","DI","0","200","0","0","Lainnya","-","","","-","-","-","-","Tidak Aktif","Tanah Kering","","487","Manisih B Djojo");
INSERT INTO asset VALUES("588","1","26","DI","200","0","200","0","Lainnya","-","487","Manisih B Djojo","-","-","-","-","Aktif","Tanah Kering","","932","Karsih Mardi");
INSERT INTO asset VALUES("227","1","25","DI","730","0","730","0","Lainnya","-","","","-","-","-","-","Aktif","Tanah Kering","","488","Ngasiman Kasmo");
INSERT INTO asset VALUES("228","1","60","DI","600","0","600","0","Lainnya","-","","","-","-","-","-","Aktif","Tanah Kering","","491","Glepat Tarmo");
INSERT INTO asset VALUES("228","2","60","DI","700","0","700","0","Lainnya","-","","","-","-","-","-","Aktif","Tanah Kering","","491","Glepat Tarmo");
INSERT INTO asset VALUES("229","1","25","DI","150","0","150","0","Lainnya","-","","","-","-","-","-","Aktif","Tanah Kering","","492","Kastari Gimin");
INSERT INTO asset VALUES("231","1","61A","DI","800","0","800","0","Lainnya","-","","","-","-","-","-","Aktif","Tanah Kering","","496","Moekari Sekak");
INSERT INTO asset VALUES("232","1","61A","DI","800","0","800","0","Lainnya","-","","","-","-","-","-","Aktif","Tanah Kering","","497","Soetari b Sekak");
INSERT INTO asset VALUES("233","1","58","DI","0","350","0","0","Lainnya","-","","","-","-","-","-","Tidak Aktif","Tanah Kering","","498","Ngarti b Soekir");
INSERT INTO asset VALUES("233","2","59","DI","300","0","300","0","Lainnya","-","","","-","-","-","-","Aktif","Tanah Kering","","498","Ngarti b Soekir");
INSERT INTO asset VALUES("747","1","58","DI","350","0","350","0","Lainnya","-","498","Ngarti b Soekir","-","-","-","-","Aktif","Tanah Kering","","1096","Sumanto Mamroji");
INSERT INTO asset VALUES("235","1","2","DII","250","0","250","0","Lainnya","-","","","-","-","-","-","Aktif","Tanah Kering","","501","Ramelah b Salim");
INSERT INTO asset VALUES("236","1","2","DI","250","0","250","0","Lainnya","-","","","-","-","-","-","Aktif","Tanah Kering","","503","Selam Seman");
INSERT INTO asset VALUES("236","2","5","DI","460","0","460","0","Lainnya","-","","","-","-","-","-","Aktif","Tanah Kering","","503","Selam Seman");
INSERT INTO asset VALUES("882","1","2","DII","250","0","250","0","Lainnya","-","","","-","-","-","-","Aktif","Tanah Kering","","505","Sakam b Seman");
INSERT INTO asset VALUES("882","2","5","DI","0","460","0","0","Lainnya","-","","","-","-","-","-","Tidak Aktif","Tanah Kering","","505","Sakam b Seman");
INSERT INTO asset VALUES("814","1","5","DI","460","0","460","0","Lainnya","-","505","Sakam b Seman","-","-","-","-","Aktif","Tanah Kering","","1173","Ribut");
INSERT INTO asset VALUES("237","1","2","DII","250","0","250","0","Lainnya","-","","","-","-","-","-","Aktif","Tanah Kering","","506","Soepi b Salim");
INSERT INTO asset VALUES("237","2","5","DI","300","430","300","0","Lainnya","-","","","-","-","-","-","Aktif Sebagian","Tanah Kering","","506","Soepi b Salim");
INSERT INTO asset VALUES("723","1","5","DI","430","0","430","0","Lainnya","1986","506","Soepi b Salim","-","-","-","-","Aktif","Tanah Kering","","1069","Subari Sop");
INSERT INTO asset VALUES("238","1","44","DII","400","0","400","0","Lainnya","-","","","-","-","-","-","Aktif","Tanah Kering","","507","Djoeli Koesim");
INSERT INTO asset VALUES("239","1","6","DI","150","0","150","0","Lainnya","-","","","-","-","-","-","Aktif","Tanah Kering","","508","Komtijah b Soekemi");
INSERT INTO asset VALUES("240","1","5","DI","550","0","550","0","Lainnya","-","","","-","-","-","-","Aktif","Tanah Kering","","510","Moenari Moestari");
INSERT INTO asset VALUES("241","1","57","DI","250","0","250","0","Lainnya","-","","","-","-","-","-","Aktif","Tanah Kering","","513","Basari Moechamad");
INSERT INTO asset VALUES("242","1","57","DI","600","0","600","0","Lainnya","-","","","-","-","-","-","Aktif","Tanah Kering","","514","jadi Tarmo");
INSERT INTO asset VALUES("243","1","63","DI","950","0","950","0","Lainnya","-","","","-","-","-","-","Aktif","Tanah Kering","","515","Soeri b Rospan");
INSERT INTO asset VALUES("244","1","2","DI","90","0","90","0","Lainnya","-","","","-","-","-","-","Aktif","Tanah Kering","","517","Seni b Siraen");
INSERT INTO asset VALUES("245","1","61A","DI","0","260","0","0","Lainnya","-","","","-","-","-","-","Tidak Aktif","Tanah Kering","","518","Tawi Ngaiman");
INSERT INTO asset VALUES("669","1","61A","DI","260","0","260","0","Lainnya","-","518","Tawi Ngaiman","-","-","-","-","Aktif","Tanah Kering","","1014","Agus Muhamad Muntalip Sutikno");
INSERT INTO asset VALUES("246","1","41","DI","0","490","0","0","Lainnya","-","","","-","-","-","-","Tidak Aktif","Tanah Kering","","519","Rasmi b Masidin");
INSERT INTO asset VALUES("679","1","41","DI","490","0","490","0","Lainnya","-","519","Rasmi b Masidin","-","-","-","-","Aktif","Tanah Kering","","1025","Karto Kastawi");
INSERT INTO asset VALUES("247","1","41","DI","670","0","670","0","Lainnya","-","","","-","-","-","-","Aktif","Tanah Kering","","520","Sanah b Wiro");
INSERT INTO asset VALUES("248","1","50A","DI","120","0","120","0","Lainnya","-","","","-","-","-","-","Aktif","Tanah Kering","","522","Senin Nasijo");
INSERT INTO asset VALUES("249","1","25","DI","0","60","0","0","Lainnya","-","","","-","-","-","-","Tidak Aktif","Tanah Kering","","524","Siin Tasri");
INSERT INTO asset VALUES("250","1","57","DI","0","340","0","0","Lainnya","-","","","-","-","-","-","Tidak Aktif","Tanah Kering","","525","Tarmiah b Mademin");
INSERT INTO asset VALUES("619","2","57","DI","340","0","340","0","Lainnya","-","525","Tarmiah b Mademin","-","-","-","-","Aktif","Tanah Kering","","963","Royanah bt Astrojono");
INSERT INTO asset VALUES("251","1","57","DI","0","340","0","0","Lainnya","-","","","-","-","-","-","Tidak Aktif","Tanah Kering","","527","Hati b Kadamin");
INSERT INTO asset VALUES("811","1","57","DI","340","0","340","0","Lainnya","-","527","Hati b Kadamin","-","-","-","-","Aktif","Tanah Kering","","1170","Jaenab");
INSERT INTO asset VALUES("256","1","21","DII","150","0","150","0","Lainnya","-","","","-","-","-","-","Aktif","Tanah Kering","","537","Ngamin Sarto");
INSERT INTO asset VALUES("258","1","61C","SIV","300","0","300","0","Lainnya","-","","","-","-","-","-","Aktif","Sawah","","540","Roesami b Harijan");
INSERT INTO asset VALUES("258","2","61B","DII","450","0","450","0","Lainnya","-","","","-","-","-","-","Aktif","Tanah Kering","","540","Roesami b Harijan");
INSERT INTO asset VALUES("259","1","55","SIV","1350","0","1350","0","Lainnya","-","","","-","-","-","-","Aktif","Sawah","","541","Kamiatoen Soebari");
INSERT INTO asset VALUES("261","1","50A","DI","300","0","300","0","Lainnya","-","","","-","-","-","-","Aktif","Tanah Kering","","543","Soekemi Soebari");
INSERT INTO asset VALUES("261","2","56","DI","450","0","450","0","Lainnya","-","","","-","-","-","-","Aktif","Tanah Kering","","543","Soekemi Soebari");
INSERT INTO asset VALUES("261","3","56","DI","500","0","500","0","Lainnya","-","","","-","-","-","-","Aktif","Tanah Kering","","543","Soekemi Soebari");
INSERT INTO asset VALUES("261","4","57","DI","100","0","100","0","Lainnya","-","","","-","-","-","-","Aktif","Tanah Kering","","543","Soekemi Soebari");
INSERT INTO asset VALUES("267","1","6","DI","220","0","220","0","Lainnya","-","","","-","-","-","-","Aktif","Tanah Kering","","555","Saoed Jasin");
INSERT INTO asset VALUES("267","2","6","DI","220","0","220","0","Lainnya","-","","","-","-","-","-","Aktif","Tanah Kering","","555","Saoed Jasin");
INSERT INTO asset VALUES("267","3","6","DI","210","0","210","0","Lainnya","-","","","-","-","-","-","Aktif","Tanah Kering","","555","Saoed Jasin");
INSERT INTO asset VALUES("269","1","53A","DI","450","0","450","0","Lainnya","-","","","-","-","-","-","Aktif","Tanah Kering","","561","Soeratman Boesamin");
INSERT INTO asset VALUES("252","1","57","DI","480","0","480","0","Lainnya","-","","","-","-","-","-","Aktif","Tanah Kering","","528","Djenap b Madamin");
INSERT INTO asset VALUES("252","2","57","DI","200","210","200","0","Lainnya","-","","","-","-","-","-","Aktif Sebagian","Tanah Kering","","528","Djenap b Madamin");
INSERT INTO asset VALUES("670","1","57","DI","210","0","210","0","Lainnya","-","528","Djenap b Madamin","-","-","-","-","Aktif","Tanah Kering","","1015","Suwarni Sunari");
INSERT INTO asset VALUES("253","1","29","SII","2960","1490","2960","0","Lainnya","-","","","-","-","-","-","Aktif Sebagian","Sawah","","532","Dasoemi b Kartiko");
INSERT INTO asset VALUES("253","2","42","DII","730","0","730","0","Lainnya","-","","","-","-","-","-","Aktif","Tanah Kering","","532","Dasoemi b Kartiko");
INSERT INTO asset VALUES("253","3","49","DI","900","0","900","0","Lainnya","-","","","-","-","-","-","Aktif","Tanah Kering","","532","Dasoemi b Kartiko");
INSERT INTO asset VALUES("253","4","49","DI","600","0","600","0","Lainnya","-","","","-","-","-","-","Aktif","Tanah Kering","","532","Dasoemi b Kartiko");
INSERT INTO asset VALUES("598","1","29","SII","1490","0","1490","0","Lainnya","-","532","Dasoemi b Kartiko","-","-","-","-","Aktif","Sawah","","942","Parti Sarman");
INSERT INTO asset VALUES("254","1","12","SII","0","1500","0","0","Lainnya","-","","","-","-","-","-","Tidak Aktif","Sawah","","533","Moemjati b djalal");
INSERT INTO asset VALUES("883","1","30","SII","4600","0","4600","0","Lainnya","-","","","-","-","-","-","Aktif","Sawah","","534","Marsan Ratmo");
INSERT INTO asset VALUES("883","2","44","DII","1250","0","1250","0","Lainnya","-","","","-","-","-","-","Aktif","Tanah Kering","","534","Marsan Ratmo");
INSERT INTO asset VALUES("255","1","42","DII","160","340","160","0","Lainnya","-","","","-","-","-","-","Aktif Sebagian","Tanah Kering","","535","Soedjalmo Amin");
INSERT INTO asset VALUES("679","2","42","DII","340","0","340","0","Lainnya","-","535","Soedjalmo Amin","-","-","-","-","Aktif","Tanah Kering","","1025","Karto Kastawi");
INSERT INTO asset VALUES("257","1","61B","DII","150","0","150","0","Lainnya","-","","","-","-","-","-","Aktif","Tanah Kering","","539","Soesah b warto");
INSERT INTO asset VALUES("260","1","50B","SIII","640","0","640","0","Lainnya","-","","","-","-","-","-","Aktif","Sawah","","542","Soekijah Dahlan");
INSERT INTO asset VALUES("260","2","50A","DI","0","200","0","0","Lainnya","-","","","-","-","-","-","Tidak Aktif","Tanah Kering","","542","Soekijah Dahlan");
INSERT INTO asset VALUES("260","3","50A","DI","0","150","0","0","Lainnya","-","","","-","-","-","-","Tidak Aktif","Tanah Kering","","542","Soekijah Dahlan");
INSERT INTO asset VALUES("260","4","50A","DI","500","0","500","0","Lainnya","-","","","-","-","-","-","Aktif","Tanah Kering","","542","Soekijah Dahlan");
INSERT INTO asset VALUES("260","5","57","DI","0","1850","0","0","Lainnya","-","","","-","-","-","-","Tidak Aktif","Tanah Kering","","542","Soekijah Dahlan");
INSERT INTO asset VALUES("260","6","57","DI","0","640","0","0","Lainnya","-","","","-","-","-","-","Tidak Aktif","Tanah Kering","","542","Soekijah Dahlan");
INSERT INTO asset VALUES("664","1","50A","DI","200","0","200","0","Lainnya","-","542","Soekijah Dahlan","-","-","-","-","Aktif","Tanah Kering","","1009","Tiah Kumzari");
INSERT INTO asset VALUES("664","2","50A","DI","150","0","150","0","Lainnya","-","542","Soekijah Dahlan","-","-","-","-","Aktif","Tanah Kering","","1009","Tiah Kumzari");
INSERT INTO asset VALUES("664","3","57","DI","1850","0","1850","0","Lainnya","-","542","Soekijah Dahlan","-","-","-","-","Aktif","Tanah Kering","","1009","Tiah Kumzari");
INSERT INTO asset VALUES("664","4","57","DI","640","0","640","0","Lainnya","-","542","Soekijah Dahlan","-","-","-","-","Aktif","Tanah Kering","","1009","Tiah Kumzari");
INSERT INTO asset VALUES("884","1","30","SII","0","2670","0","0","Lainnya","-","","","-","-","-","-","Tidak Aktif","Sawah","","545","Mamrodji Soebari");
INSERT INTO asset VALUES("884","2","50A","DI","220","0","220","0","Lainnya","-","","","-","-","-","-","Aktif","Tanah Kering","","545","Mamrodji Soebari");
INSERT INTO asset VALUES("884","3","50A","DI","100","0","100","0","Lainnya","-","","","-","-","-","-","Aktif","Tanah Kering","","545","Mamrodji Soebari");
INSERT INTO asset VALUES("884","4","57","DI","1010","0","1010","0","Lainnya","-","","","-","-","-","-","Aktif","Tanah Kering","","545","Mamrodji Soebari");
INSERT INTO asset VALUES("858","1","30","SII","1780","0","1780","0","Lainnya","1990","545","Mamrodji Soebari","-","-","-","-","Aktif","Sawah","","1177","Sripah Mamroji");
INSERT INTO asset VALUES("834","1","30","SII","2670","0","2670","0","Lainnya","1990","545","Mamrodji Soebari","-","-","-","-","Aktif","Sawah","","1193","Sulistyowati");
INSERT INTO asset VALUES("263","1","50B","SIII","220","0","220","0","Lainnya","-","","","-","-","-","-","Aktif","Sawah","","546","Kambali soebari");
INSERT INTO asset VALUES("263","2","50A","DI","100","0","100","0","Lainnya","-","","","-","-","-","-","Aktif","Tanah Kering","","546","Kambali soebari");
INSERT INTO asset VALUES("263","3","50A","DI","200","0","200","0","Lainnya","-","","","-","-","-","-","Aktif","Tanah Kering","","546","Kambali soebari");
INSERT INTO asset VALUES("263","4","57","DI","0","300","0","0","Lainnya","-","","","-","-","-","-","Tidak Aktif","Tanah Kering","","546","Kambali soebari");
INSERT INTO asset VALUES("263","5","57","DI","250","0","250","0","Lainnya","-","","","-","-","-","-","Aktif","Tanah Kering","","546","Kambali soebari");
INSERT INTO asset VALUES("711","1","57","DI","300","0","300","0","Lainnya","1986","546","Kambali soebari","-","-","-","-","Aktif","Tanah Kering","","1058","Mundrikah Selas");
INSERT INTO asset VALUES("264","1","45","SIII","0","770","0","0","Lainnya","-","","","-","-","-","-","Tidak Aktif","Sawah","","547","Ratmi b Rapin");
INSERT INTO asset VALUES("264","2","45","SIII","0","900","0","0","Lainnya","-","","","-","-","-","-","Tidak Aktif","Sawah","","547","Ratmi b Rapin");
INSERT INTO asset VALUES("264","3","47","SIII","3550","0","3550","0","Lainnya","-","","","-","-","-","-","Aktif","Sawah","","547","Ratmi b Rapin");
INSERT INTO asset VALUES("264","4","42","DII","1020","280","1020","0","Lainnya","-","","","-","-","-","-","Aktif Sebagian","Tanah Kering","","547","Ratmi b Rapin");
INSERT INTO asset VALUES("264","7","61A","DI","2020","0","2020","0","Lainnya","-","","","-","-","-","-","Aktif","Tanah Kering","","547","Ratmi b Rapin");
INSERT INTO asset VALUES("264","6","65","DI","0","620","0","0","Lainnya","-","","","-","-","-","-","Tidak Aktif","Tanah Kering","","547","Ratmi b Rapin");
INSERT INTO asset VALUES("264","8","65","DI","50","0","50","0","Lainnya","-","","","-","-","-","-","Aktif","Tanah Kering","","547","Ratmi b Rapin");
INSERT INTO asset VALUES("264","9","65","DI","2100","0","2100","0","Lainnya","-","","","-","-","-","-","Aktif","Tanah Kering","","547","Ratmi b Rapin");
INSERT INTO asset VALUES("714","2","42","DII","280","0","280","0","Lainnya","1986","547","Ratmi b Rapin","-","-","-","-","Aktif","Tanah Kering","","1060","Tumono");
INSERT INTO asset VALUES("712","1","45","SIII","770","0","770","0","Lainnya","1986","547","Ratmi b Rapin","-","-","-","-","Aktif","Sawah","","1059","Suwati bt Djastro");
INSERT INTO asset VALUES("712","2","45","SIII","900","0","900","0","Lainnya","1986","547","Ratmi b Rapin","-","-","-","-","Aktif","Sawah","","1059","Suwati bt Djastro");
INSERT INTO asset VALUES("666","1","65","DI","230","0","230","0","Lainnya","-","547","Ratmi b Rapin","-","-","-","-","Aktif","Tanah Kering","","1011","Waginah Kasman");
INSERT INTO asset VALUES("712","3","65","DI","620","0","620","0","Lainnya","-","547","Ratmi b Rapin","-","-","-","-","Aktif","Tanah Kering","","1059","Suwati bt Djastro");
INSERT INTO asset VALUES("265","1","61B","DII","500","0","500","0","Lainnya","-","","","-","-","-","-","Aktif","Tanah Kering","","550","Ngawijah b Wardi");
INSERT INTO asset VALUES("266","1","57","DI","0","150","0","0","Lainnya","-","","","-","-","-","-","Tidak Aktif","Tanah Kering","","551","Keminah b Kasan");
INSERT INTO asset VALUES("566","1","57","DI","150","0","150","0","Lainnya","-","551","Keminah b Kasan","-","-","-","-","Aktif","Tanah Kering","","910","Soetikno");
INSERT INTO asset VALUES("268","1","50A","DI","40","280","40","0","Lainnya","-","","","-","-","-","-","Aktif Sebagian","Tanah Kering","","557","Soekadar Isak");
INSERT INTO asset VALUES("524","1","50A","DI","380","0","380","0","Lainnya","-","557","Soekadar Isak","-","-","-","-","Aktif","Tanah Kering","","868","Kardan Soeminah");
INSERT INTO asset VALUES("270","1","21","DII","300","0","300","0","Lainnya","-","","","-","-","-","-","Aktif","Tanah Kering","","562","Soekadi Kamjati");
INSERT INTO asset VALUES("270","2","21","DII","100","0","100","0","Lainnya","-","","","-","-","-","-","Aktif","Tanah Kering","","562","Soekadi Kamjati");
INSERT INTO asset VALUES("271","1","21","DII","450","0","450","0","Lainnya","-","","","-","-","-","-","Aktif","Tanah Kering","","564","Saripah Wardjan");
INSERT INTO asset VALUES("272","1","24","DI","300","0","300","0","Lainnya","-","","","-","-","-","-","Aktif","Tanah Kering","","565","Moentoha Joesak");
INSERT INTO asset VALUES("273","1","5","DI","200","0","200","0","Lainnya","-","","","-","-","-","-","Aktif","Tanah Kering","","567","Amat Hirman");
INSERT INTO asset VALUES("274","1","61A","DI","560","0","560","0","Lainnya","-","","","-","-","-","-","Aktif","Tanah Kering","","572","Roemi Wardji");
INSERT INTO asset VALUES("275","1","61A","DI","0","290","0","0","Lainnya","-","","","-","-","-","-","Tidak Aktif","Tanah Kering","","573","Slamet Hadi");
INSERT INTO asset VALUES("627","1","61A","DI","290","0","290","0","Lainnya","-","573","Slamet Hadi","-","-","-","-","Aktif","Tanah Kering","","971","Rukini Bt Timin");
INSERT INTO asset VALUES("276","1","63","DI","0","420","0","0","Lainnya","-","","","-","-","-","-","Tidak Aktif","Tanah Kering","","574","Wasem Sati");
INSERT INTO asset VALUES("596","1","63","DI","420","0","420","0","Lainnya","-","574","Wasem Sati","-","-","-","-","Aktif","Tanah Kering","","940","Kasmini Kasdan");
INSERT INTO asset VALUES("277","1","25","DI","640","280","640","0","Lainnya","-","","","-","-","-","-","Aktif Sebagian","Tanah Kering","","580","Soewati Senan");
INSERT INTO asset VALUES("608","1","25","DI","280","0","280","0","Lainnya","-","580","Soewati Senan","-","-","-","-","Aktif","Tanah Kering","","952","Mohamad Yunus bt Harman");
INSERT INTO asset VALUES("278","1","45","SIII","780","0","780","0","Lainnya","-","","","-","-","-","-","Aktif","Sawah","","581","Djastro Ratmi");
INSERT INTO asset VALUES("278","2","37","DI","550","0","550","0","Lainnya","-","","","-","-","-","-","Aktif","Tanah Kering","","581","Djastro Ratmi");
INSERT INTO asset VALUES("278","3","65","DI","200","0","200","0","Lainnya","-","","","-","-","-","-","Aktif","Tanah Kering","","581","Djastro Ratmi");
INSERT INTO asset VALUES("278","4","65","DI","480","0","480","0","Lainnya","-","","","-","-","-","-","Aktif","Tanah Kering","","581","Djastro Ratmi");
INSERT INTO asset VALUES("278","5","65","DI","450","0","450","0","Lainnya","-","","","-","-","-","-","Aktif","Tanah Kering","","581","Djastro Ratmi");
INSERT INTO asset VALUES("279","1","8","DI","720","0","720","0","Lainnya","-","","","-","-","-","-","Aktif","Tanah Kering","","583","Kemisah Wasmin");
INSERT INTO asset VALUES("280","1","61B","DII","220","0","220","0","Lainnya","-","","","-","-","-","-","Aktif","Tanah Kering","","584","Watini");
INSERT INTO asset VALUES("281","1","5","DI","0","210","0","0","Lainnya","-","","","-","-","-","-","Tidak Aktif","Tanah Kering","","586","Moenjak Djalak");
INSERT INTO asset VALUES("812","1","5","DI","210","0","210","0","Lainnya","-","586","Moenjak Djalak","-","-","-","-","Aktif","Tanah Kering","","1171","Masamah");
INSERT INTO asset VALUES("282","1","52B","SII","4750","0","4750","0","Lainnya","-","","","-","-","-","-","Aktif","Tanah Kering","","590","Soemar Senin");
INSERT INTO asset VALUES("283","1","30","SII","4250","0","4250","0","Lainnya","-","","","-","-","-","-","Aktif","Sawah","","591","Sarmini Soeri");
INSERT INTO asset VALUES("284","1","63","DI","150","0","150","0","Lainnya","-","","","-","-","-","-","Aktif","Tanah Kering","","593","Redjo Raban");
INSERT INTO asset VALUES("284","2","63","DI","60","210","60","0","Lainnya","-","","","-","-","-","-","Aktif Sebagian","Tanah Kering","","593","Redjo Raban");
INSERT INTO asset VALUES("597","1","63","DI","210","0","210","0","Lainnya","-","593","Redjo Raban","-","-","-","-","Aktif","Tanah Kering","","941","Manisi Sibun");
INSERT INTO asset VALUES("285","1","49","DI","600","0","600","0","Lainnya","-","","","-","-","-","-","Aktif","Tanah Kering","","599","Soewarso Soeradi");
INSERT INTO asset VALUES("286","1","52A","SI","4550","0","4550","0","Lainnya","-","","","-","-","-","-","Aktif","Sawah","","600","Sasi b Piran");
INSERT INTO asset VALUES("286","2","34","DI","0","1000","0","0","Lainnya","-","","","-","-","-","-","Tidak Aktif","Tanah Kering","","600","Sasi b Piran");
INSERT INTO asset VALUES("604","1","34","DI","1000","0","1000","0","Lainnya","-","600","Sasi b Piran","-","-","-","-","Aktif","Tanah Kering","","948","Tono Sujono");
INSERT INTO asset VALUES("287","1","65","DI","1000","0","1000","0","Lainnya","-","","","-","-","-","-","Aktif","Tanah Kering","","601","Sakim Piran");
INSERT INTO asset VALUES("288","1","65","DI","363","0","363","0","Lainnya","-","","","-","-","-","-","Aktif","Tanah Kering","","602","Timin Kromo");
INSERT INTO asset VALUES("289","1","37","DI","120","280","120","0","Lainnya","-","","","-","-","-","-","Aktif Sebagian","Tanah Kering","","603","Roebijah Karto");
INSERT INTO asset VALUES("289","2","37","DI","230","0","230","0","Lainnya","-","","","-","-","-","-","Aktif","Tanah Kering","","603","Roebijah Karto");
INSERT INTO asset VALUES("289","3","50A","DI","130","0","130","0","Lainnya","-","","","-","-","-","-","Aktif","Tanah Kering","","603","Roebijah Karto");
INSERT INTO asset VALUES("289","4","65","DI","700","0","700","0","Lainnya","-","","","-","-","-","-","Aktif","Tanah Kering","","603","Roebijah Karto");
INSERT INTO asset VALUES("828","1","37","DI","280","0","280","0","Lainnya","-","603","Roebijah Karto","-","-","-","-","Aktif","Tanah Kering","","1190","RaKiyo");
INSERT INTO asset VALUES("378","1","37","DI","0","800","0","0","Lainnya","-","","","-","-","-","-","Tidak Aktif","Tanah Kering","","709","Sarman / Roebijah");
INSERT INTO asset VALUES("378","2","37","DI","0","420","0","0","Lainnya","-","","","-","-","-","-","Tidak Aktif","Tanah Kering","","709","Sarman / Roebijah");
INSERT INTO asset VALUES("378","3","37","DI","0","430","0","0","Lainnya","-","","","-","-","-","-","Tidak Aktif","Tanah Kering","","709","Sarman / Roebijah");
INSERT INTO asset VALUES("378","4","63","DI","0","420","0","0","Lainnya","-","","","-","-","-","-","Tidak Aktif","Tanah Kering","","709","Sarman / Roebijah");
INSERT INTO asset VALUES("378","5","65","DI","0","750","0","0","Lainnya","-","","","-","-","-","-","Tidak Aktif","Tanah Kering","","709","Sarman / Roebijah");
INSERT INTO asset VALUES("289","5","37","DI","130","290","130","0","Lainnya","-","709","Sarman / Roebijah","-","-","-","-","Aktif Sebagian","Tanah Kering","","603","Roebijah Karto");
INSERT INTO asset VALUES("765","1","37","DI","0","290","0","0","Lainnya","1988","603","Roebijah Karto","-","-","-","-","Tidak Aktif","Tanah Kering","","1114","Lahadi / Maryati");
INSERT INTO asset VALUES("290","1","21","DII","150","0","150","0","Lainnya","-","","","-","-","-","-","Aktif","Tanah Kering","","604","Mardi Tini");
INSERT INTO asset VALUES("290","2","21","DII","860","150","860","0","Lainnya","-","","","-","-","-","-","Aktif Sebagian","Tanah Kering","","604","Mardi Tini");
INSERT INTO asset VALUES("290","3","25","DI","250","0","250","0","Lainnya","-","","","-","-","-","-","Aktif","Tanah Kering","","604","Mardi Tini");
INSERT INTO asset VALUES("290","4","25","DI","220","0","220","0","Lainnya","-","","","-","-","-","-","Aktif","Tanah Kering","","604","Mardi Tini");
INSERT INTO asset VALUES("613","1","21","DII","150","0","150","0","Lainnya","-","604","Mardi Tini","-","-","-","-","Aktif","Tanah Kering","","957","Karti bt Mardi");
INSERT INTO asset VALUES("291","1","25","DI","300","0","300","0","Lainnya","-","","","-","-","-","-","Aktif","Tanah Kering","","605","Keman Djoemi");
INSERT INTO asset VALUES("291","2","25","DI","50","0","50","0","Lainnya","-","","","-","-","-","-","Aktif","Tanah Kering","","605","Keman Djoemi");
INSERT INTO asset VALUES("292","1","60","DI","0","300","0","0","Lainnya","-","","","-","-","-","-","Tidak Aktif","Tanah Kering","","606","Nisem Reso");
INSERT INTO asset VALUES("292","2","63","DI","150","0","150","0","Lainnya","-","","","-","-","-","-","Aktif","Tanah Kering","","606","Nisem Reso");
INSERT INTO asset VALUES("294","1","60","DI","300","200","300","0","Lainnya","-","","","-","-","-","-","Aktif Sebagian","Tanah Kering","","608","Semah Soemantri");
INSERT INTO asset VALUES("294","2","61B","DII","250","0","250","0","Lainnya","-","","","-","-","-","-","Aktif","Tanah Kering","","608","Semah Soemantri");
INSERT INTO asset VALUES("294","3","65","DI","11","139","11","0","Lainnya","-","","","-","-","-","-","Aktif Sebagian","Tanah Kering","","608","Semah Soemantri");
INSERT INTO asset VALUES("294","4","65","DI","0","450","0","0","Lainnya","-","","","-","-","-","-","Tidak Aktif","Tanah Kering","","608","Semah Soemantri");
INSERT INTO asset VALUES("294","5","65","DI","850","0","850","0","Lainnya","-","","","-","-","-","-","Aktif","Tanah Kering","","608","Semah Soemantri");
INSERT INTO asset VALUES("294","6","65","DI","550","0","550","0","Lainnya","-","","","-","-","-","-","Aktif","Tanah Kering","","608","Semah Soemantri");
INSERT INTO asset VALUES("294","7","65","DI","500","0","500","0","Lainnya","-","","","-","-","-","-","Aktif","Tanah Kering","","608","Semah Soemantri");
INSERT INTO asset VALUES("353","1","60","DI","200","0","200","0","Lainnya","-","608","Semah Soemantri","-","-","-","-","Aktif","Tanah Kering","","680","Redjo Martono");
INSERT INTO asset VALUES("715","1","65","DI","139","0","139","0","Lainnya","1986","608","Semah Soemantri","-","-","-","-","Aktif","Tanah Kering","","1061","Sleman Sutiah");
INSERT INTO asset VALUES("722","1","65","DI","310","140","310","0","Lainnya","1986","608","Semah Soemantri","-","-","-","-","Aktif Sebagian","Tanah Kering","","1068","Kemisah bt Lawen");
INSERT INTO asset VALUES("295","1","27","SIII","5400","0","5400","0","Lainnya","-","","","-","-","-","-","Aktif","Sawah","","610","Sarman Tastro");
INSERT INTO asset VALUES("295","2","37","DI","550","0","550","0","Lainnya","-","","","-","-","-","-","Aktif","Tanah Kering","","610","Sarman Tastro");
INSERT INTO asset VALUES("296","1","19","DI","300","0","300","0","Lainnya","-","","","-","-","-","-","Aktif","Tanah Kering","","612","Raboen Separ");
INSERT INTO asset VALUES("296","2","25","DI","420","0","420","0","Lainnya","-","","","-","-","-","-","Aktif","Tanah Kering","","612","Raboen Separ");
INSERT INTO asset VALUES("296","3","25","DI","200","0","200","0","Lainnya","-","","","-","-","-","-","Aktif","Tanah Kering","","612","Raboen Separ");
INSERT INTO asset VALUES("297","1","19","DI","100","0","100","0","Lainnya","-","","","-","-","-","-","Aktif","Tanah Kering","","613","Toebi Ramen");
INSERT INTO asset VALUES("297","2","19","DI","200","0","200","0","Lainnya","-","","","-","-","-","-","Aktif","Tanah Kering","","613","Toebi Ramen");
INSERT INTO asset VALUES("298","1","61A","DI","120","0","120","0","Lainnya","-","","","-","-","-","-","Aktif","Tanah Kering","","614","Ngamin Sarinah");
INSERT INTO asset VALUES("299","1","49","DI","340","380","340","0","Lainnya","-","","","-","-","-","-","Aktif Sebagian","Tanah Kering","","615","Hardi Sarmin");
INSERT INTO asset VALUES("625","1","49","DI","380","0","380","0","Lainnya","-","615","Hardi Sarmin","-","-","-","-","Aktif","Tanah Kering","","969","Ngaseri b Keman");
INSERT INTO asset VALUES("300","1","49","DI","350","0","350","0","Lainnya","-","","","-","-","-","-","Aktif","Tanah Kering","","616","Ndari Sarmin");
INSERT INTO asset VALUES("885","1","50A","DI","330","0","330","0","Lainnya","-","","","-","-","-","-","Aktif","Tanah Kering","","617","Redjo Sakarjo");
INSERT INTO asset VALUES("886","1","65","DI","350","0","350","0","Lainnya","-","","","-","-","-","-","Aktif","Tanah Kering","","618","Soejono Tiran");
INSERT INTO asset VALUES("301","1","49","DI","120","280","120","0","Lainnya","-","","","-","-","-","-","Aktif Sebagian","Tanah Kering","","619","Tarip Kaman");
INSERT INTO asset VALUES("598","2","49","DI","280","0","280","0","Lainnya","-","619","Tarip Kaman","-","-","-","-","Aktif","Tanah Kering","","942","Parti Sarman");
INSERT INTO asset VALUES("302","1","30","SII","0","2550","0","0","Lainnya","-","","","-","-","-","-","Tidak Aktif","Sawah","","620","April Kartini");
INSERT INTO asset VALUES("302","2","38","SIII","70","0","70","0","Lainnya","-","","","-","-","-","-","Aktif","Sawah","","620","April Kartini");
INSERT INTO asset VALUES("303","1","30","SII","2550","0","2550","0","Lainnya","-","620","April Kartini","-","-","-","-","Aktif","Sawah","","621","Taip");
INSERT INTO asset VALUES("57","1","38","SIII","4550","0","4550","0","Lainnya","-","","","-","-","-","-","Aktif","Sawah","","141","Nasam Karno");
INSERT INTO asset VALUES("57","2","42","DII","1700","0","1700","0","Lainnya","-","","","-","-","-","-","Aktif","Tanah Kering","","141","Nasam Karno");
INSERT INTO asset VALUES("57","3","44","DII","0","370","0","0","Lainnya","-","","","-","-","-","-","Tidak Aktif","Tanah Kering","","141","Nasam Karno");
INSERT INTO asset VALUES("57","4","44","DII","0","190","0","0","Lainnya","-","","","-","-","-","-","Tidak Aktif","Tanah Kering","","141","Nasam Karno");
INSERT INTO asset VALUES("303","2","44","DII","370","0","370","0","Lainnya","-","141","Nasam Karno","-","-","-","-","Aktif","Tanah Kering","","621","Taip");
INSERT INTO asset VALUES("303","3","44","DII","190","0","190","0","Lainnya","-","141","Nasam Karno","-","-","-","-","Aktif","Tanah Kering","","621","Taip");
INSERT INTO asset VALUES("303","4","29","SII","2500","0","2500","0","Lainnya","-","","","-","-","-","-","Aktif","Sawah","","621","Taip");
INSERT INTO asset VALUES("304","1","2","DII","210","0","210","0","Lainnya","-","","","-","-","-","-","Aktif","Tanah Kering","","622","Kalsoem Jasin");
INSERT INTO asset VALUES("304","2","5","DI","550","0","550","0","Lainnya","-","","","-","-","-","-","Aktif","Tanah Kering","","622","Kalsoem Jasin");
INSERT INTO asset VALUES("305","1","8","DI","0","470","0","0","Lainnya","-","","","-","-","-","-","Tidak Aktif","Tanah Kering","","623","Moenawaroh Soelaeman");
INSERT INTO asset VALUES("640","1","8","DI","470","0","470","0","Lainnya","-","623","Moenawaroh Soelaeman","-","-","-","-","Aktif","Tanah Kering","","985","Mudaroji Jambari");
INSERT INTO asset VALUES("306","1","2","DII","250","0","250","0","Lainnya","-","","","-","-","-","-","Aktif","Tanah Kering","","624","Roemijat Hidoen");
INSERT INTO asset VALUES("307","1","6","DI","200","0","200","0","Lainnya","-","","","-","-","-","-","Aktif","Tanah Kering","","625","Bakri Koeitijah");
INSERT INTO asset VALUES("307","2","6","DI","150","0","150","0","Lainnya","-","","","-","-","-","-","Aktif","Tanah Kering","","625","Bakri Koeitijah");
INSERT INTO asset VALUES("307","3","6","DI","850","0","850","0","Lainnya","-","","","-","-","-","-","Aktif","Tanah Kering","","625","Bakri Koeitijah");
INSERT INTO asset VALUES("307","4","7","DI","350","0","350","0","Lainnya","-","","","-","-","-","-","Aktif","Tanah Kering","","625","Bakri Koeitijah");
INSERT INTO asset VALUES("308","1","8","DI","0","120","0","0","Lainnya","-","","","-","-","-","-","Tidak Aktif","Tanah Kering","","626","Ngasini b Boekari");
INSERT INTO asset VALUES("791","1","8","DI","120","0","120","0","Lainnya","1989","626","Ngasini b Boekari","-","-","-","-","Aktif","Tanah Kering","","1148","Dariyati Kondori");
INSERT INTO asset VALUES("310","1","60","DI","1500","0","1500","0","Lainnya","-","","","-","-","-","-","Aktif","Tanah Kering","","629","Warti Warlan");
INSERT INTO asset VALUES("310","2","60","DI","700","0","700","0","Lainnya","-","","","-","-","-","-","Aktif","Tanah Kering","","629","Warti Warlan");
INSERT INTO asset VALUES("311","1","5","DI","470","0","470","0","Lainnya","-","","","-","-","-","-","Aktif","Tanah Kering","","630","Kadarijah Djari");
INSERT INTO asset VALUES("312","1","57","DI","0","340","0","0","Lainnya","-","","","-","-","-","-","Tidak Aktif","Tanah Kering","","631","Parman Ngastro");
INSERT INTO asset VALUES("312","2","57","DI","0","340","0","0","Lainnya","-","","","-","-","-","-","Tidak Aktif","Tanah Kering","","631","Parman Ngastro");
INSERT INTO asset VALUES("312","3","63","DI","150","0","150","0","Lainnya","-","","","-","-","-","-","Aktif","Tanah Kering","","631","Parman Ngastro");
INSERT INTO asset VALUES("566","2","57","DI","0","340","0","0","Lainnya","-","631","Parman Ngastro","-","-","-","-","Tidak Aktif","Tanah Kering","","910","Soetikno");
INSERT INTO asset VALUES("566","3","57","DI","340","0","340","0","Lainnya","-","631","Parman Ngastro","-","-","-","-","Aktif","Tanah Kering","","910","Soetikno");
INSERT INTO asset VALUES("313","1","60","DI","200","0","200","0","Lainnya","-","","","-","-","-","-","Aktif","Tanah Kering","","632","Wati Kardjo");
INSERT INTO asset VALUES("314","1","60","DI","0","400","0","0","Lainnya","-","","","-","-","-","-","Tidak Aktif","Tanah Kering","","633","Soeti Karto");
INSERT INTO asset VALUES("716","1","60","DI","400","0","400","0","Lainnya","1986","633","Soeti Karto","-","-","-","-","Aktif","Tanah Kering","","1062","kasmuri Suki");
INSERT INTO asset VALUES("315","1","65","DI","350","0","350","0","Lainnya","-","","","-","-","-","-","Aktif","Tanah Kering","","634","Kartono Sarto");
INSERT INTO asset VALUES("316","1","37","DI","0","220","0","0","Lainnya","-","","","-","-","-","-","Tidak Aktif","Tanah Kering","","635","Rasin Tardjo");
INSERT INTO asset VALUES("595","1","37","DI","220","0","220","0","Lainnya","-","635","Rasin Tardjo","-","-","-","-","Aktif","Tanah Kering","","939","Suyatmi Suwar");
INSERT INTO asset VALUES("318","1","49","DI","0","830","0","0","Lainnya","-","","","-","-","-","-","Tidak Aktif","Tanah Kering","","637","Karni Ngasmo");
INSERT INTO asset VALUES("569","1","49","DI","830","0","830","0","Lainnya","-","637","Karni Ngasmo","-","-","-","-","Aktif","Tanah Kering","","913","Suyono Kaspiran");
INSERT INTO asset VALUES("320","1","49","DI","830","0","830","0","Lainnya","-","","","-","-","-","-","Aktif","Tanah Kering","","639","Soesman Ngasmo");
INSERT INTO asset VALUES("321","1","61A","DI","350","350","350","0","Lainnya","-","","","-","-","-","-","Aktif Sebagian","Tanah Kering","","640","Sainem Marinem");
INSERT INTO asset VALUES("797","1","61A","DI","350","0","350","0","Lainnya","-","640","Sainem Marinem","-","-","-","-","Aktif","Tanah Kering","","1155","Kastawi");
INSERT INTO asset VALUES("323","1","65","DI","400","0","400","0","Lainnya","-","","","-","-","-","-","Aktif","Tanah Kering","","642","Seni Senin");
INSERT INTO asset VALUES("324","1","45","SIII","3400","0","3400","0","Lainnya","-","","","-","-","-","-","Aktif","Sawah","","643","Sardjojo Paing");
INSERT INTO asset VALUES("326","1","49","DI","0","230","0","0","Lainnya","-","","","-","-","-","-","Tidak Aktif","Tanah Kering","","646","Ngapijah Soeakar");
INSERT INTO asset VALUES("810","1","49","DI","230","0","230","0","Lainnya","-","646","Ngapijah Soeakar","-","-","-","-","Aktif","Tanah Kering","","1169","Kasman Slamet");
INSERT INTO asset VALUES("327","1","49","DI","0","150","0","0","Lainnya","-","","","-","-","-","-","Tidak Aktif","Tanah Kering","","647","Rahmad Soekar");
INSERT INTO asset VALUES("794","1","49","DI","70","0","70","0","Lainnya","-","647","Rahmad Soekar","-","-","-","-","Aktif","Tanah Kering","","1152","Sulyat Senab");
INSERT INTO asset VALUES("795","1","49","DI","150","0","150","0","Lainnya","1989","647","Rahmad Soekar","-","-","-","-","Aktif","Tanah Kering","","1153","Djuminah");
INSERT INTO asset VALUES("328","1","49","DI","370","0","370","0","Lainnya","-","","","-","-","-","-","Aktif","Tanah Kering","","648","Ngamin Soekar");
INSERT INTO asset VALUES("329","1","65","DI","730","0","730","0","Lainnya","-","","","-","-","-","-","Aktif","Tanah Kering","","649","Tarmi b Sarmo");
INSERT INTO asset VALUES("330","1","19","DI","130","0","130","0","Lainnya","-","","","-","-","-","-","Aktif","Tanah Kering","","651","Ramadi kasiroen");
INSERT INTO asset VALUES("331","1","25","DI","140","0","140","0","Lainnya","-","","","-","-","-","-","Aktif","Tanah Kering","","652","Moeljo soedjono");
INSERT INTO asset VALUES("332","1","6","DI","510","0","510","0","Lainnya","-","","","-","-","-","-","Aktif","Tanah Kering","","656","Ali Baderoen");
INSERT INTO asset VALUES("332","2","8","DI","430","0","430","0","Lainnya","-","","","-","-","-","-","Aktif","Tanah Kering","","656","Ali Baderoen");
INSERT INTO asset VALUES("333","1","61A","DI","600","0","600","0","Lainnya","-","","","-","-","-","-","Aktif","Tanah Kering","","657","Soedjak Sripah");
INSERT INTO asset VALUES("334","1","61A","DI","1250","0","1250","0","Lainnya","-","","","-","-","-","-","Aktif","Tanah Kering","","658","soepi Seno");
INSERT INTO asset VALUES("335","1","61B","DII","600","0","600","0","Lainnya","-","","","-","-","-","-","Aktif","Tanah Kering","","659","Soekari / Djeminah");
INSERT INTO asset VALUES("336","1","24","DI","380","370","380","0","Lainnya","-","","","-","-","-","-","Aktif Sebagian","Tanah Kering","","660","Kasmi Ramadi");
INSERT INTO asset VALUES("820","1","24","DI","370","0","370","0","Lainnya","-","660","Kasmi Ramadi","-","-","-","-","Aktif","Tanah Kering","","1151","Siswanto Muntoha");
INSERT INTO asset VALUES("337","1","13B","SIII","3500","0","3500","0","Lainnya","-","","","-","-","-","-","Aktif","Sawah","","661","Soedjinah Nawi");
INSERT INTO asset VALUES("337","2","40","SII","970","0","970","0","Lainnya","-","","","-","-","-","-","Aktif","Sawah","","661","Soedjinah Nawi");
INSERT INTO asset VALUES("337","3","25","DI","320","0","320","0","Lainnya","-","","","-","-","-","-","Aktif","Tanah Kering","","661","Soedjinah Nawi");
INSERT INTO asset VALUES("337","4","25","DI","440","0","440","0","Lainnya","-","","","-","-","-","-","Aktif","Tanah Kering","","661","Soedjinah Nawi");
INSERT INTO asset VALUES("337","5","25","DI","300","0","300","0","Lainnya","-","","","-","-","-","-","Aktif","Tanah Kering","","661","Soedjinah Nawi");
INSERT INTO asset VALUES("337","6","25","DI","250","0","250","0","Lainnya","-","","","-","-","-","-","Aktif","Tanah Kering","","661","Soedjinah Nawi");
INSERT INTO asset VALUES("338","1","13A","SII","4650","0","4650","0","Lainnya","-","","","-","-","-","-","Aktif","Sawah","","662","Abdoelrohman Nawi");
INSERT INTO asset VALUES("338","2","21","DII","0","650","0","0","Lainnya","-","","","-","-","-","-","Tidak Aktif","Tanah Kering","","662","Abdoelrohman Nawi");
INSERT INTO asset VALUES("593","1","21","DII","650","0","650","0","Lainnya","-","662","Abdoelrohman Nawi","-","-","-","-","Aktif","Tanah Kering","","936","Siswati b Kasirun");
INSERT INTO asset VALUES("339","1","61B","DII","300","0","300","0","Lainnya","-","","","-","-","-","-","Aktif","Tanah Kering","","663","Sipan");
INSERT INTO asset VALUES("340","1","61A","DI","480","0","480","0","Lainnya","-","","","-","-","-","-","Aktif","Tanah Kering","","665","Repi b Wardjo");
INSERT INTO asset VALUES("341","1","63","DI","530","0","530","0","Lainnya","-","","","-","-","-","-","Aktif","Tanah Kering","","666","Sarijah Warto");
INSERT INTO asset VALUES("342","1","20","SII","4150","0","4150","0","Lainnya","-","","","-","-","-","-","Aktif","Sawah","","667","Soejatin Paat");
INSERT INTO asset VALUES("342","2","38","SIII","1000","0","1000","0","Lainnya","-","","","-","-","-","-","Aktif","Sawah","","667","Soejatin Paat");
INSERT INTO asset VALUES("343","1","52B","SII","5150","0","5150","0","Lainnya","-","","","-","-","-","-","Aktif","Sawah","","669","Soedar Noerjoedi");
INSERT INTO asset VALUES("343","2","54A","DI","400","0","400","0","Lainnya","-","","","-","-","-","-","Aktif","Tanah Kering","","669","Soedar Noerjoedi");
INSERT INTO asset VALUES("344","1","60","DI","200","0","200","0","Lainnya","-","","","-","-","-","-","Aktif","Tanah Kering","","670","Soemijah Toredjo");
INSERT INTO asset VALUES("344","2","60","DI","250","0","250","0","Lainnya","-","","","-","-","-","-","Aktif","Tanah Kering","","670","Soemijah Toredjo");
INSERT INTO asset VALUES("345","1","54A","DI","0","330","0","0","Lainnya","-","","","-","-","-","-","Tidak Aktif","Tanah Kering","","671","Parman Tarminah");
INSERT INTO asset VALUES("671","1","54A","DI","330","0","330","0","Lainnya","-","671","Parman Tarminah","-","-","-","-","Aktif","Tanah Kering","","1016","Suryadi Kunaryo");
INSERT INTO asset VALUES("346","1","54A","DI","170","0","170","0","Lainnya","-","","","-","-","-","-","Aktif","Tanah Kering","","672","Goeman Kamin");
INSERT INTO asset VALUES("347","1","42","DII","1000","0","1000","0","Lainnya","-","","","-","-","-","-","Aktif","Tanah Kering","","674","Djoemi Djojo");
INSERT INTO asset VALUES("347","2","44","DII","190","0","190","0","Lainnya","-","","","-","-","-","-","Aktif","Tanah Kering","","674","Djoemi Djojo");
INSERT INTO asset VALUES("348","1","60","DI","0","400","0","0","Lainnya","-","","","-","-","-","-","Tidak Aktif","Tanah Kering","","675","Sawi Kasman");
INSERT INTO asset VALUES("587","1","60","DI","400","0","400","0","Lainnya","-","675","Sawi Kasman","-","-","-","-","Aktif","Tanah Kering","","931","Suwarno Somerto");
INSERT INTO asset VALUES("350","1","61B","DII","0","250","0","0","Lainnya","-","","","-","-","-","-","Tidak Aktif","Tanah Kering","","677","Kardi Kasmo");
INSERT INTO asset VALUES("350","2","61B","DII","0","250","0","0","Lainnya","-","","","-","-","-","-","Tidak Aktif","Tanah Kering","","677","Kardi Kasmo");
INSERT INTO asset VALUES("586","1","61B","DII","250","0","250","0","Lainnya","-","677","Kardi Kasmo","-","-","-","-","Aktif","Tanah Kering","","930","Narso b Sartokilah");
INSERT INTO asset VALUES("586","2","61B","DII","250","0","250","0","Lainnya","-","677","Kardi Kasmo","-","-","-","-","Aktif","Tanah Kering","","930","Narso b Sartokilah");
INSERT INTO asset VALUES("351","1","60","DI","240","0","240","0","Lainnya","-","","","-","-","-","-","Aktif","Tanah Kering","","678","Toemani Sarmoedji");
INSERT INTO asset VALUES("351","2","61B","DII","170","0","170","0","Lainnya","-","","","-","-","-","-","Aktif","Tanah Kering","","678","Toemani Sarmoedji");
INSERT INTO asset VALUES("352","1","61B","DII","180","0","180","0","Lainnya","-","","","-","-","-","-","Aktif","Tanah Kering","","679","Ngarpan Rasih");
INSERT INTO asset VALUES("353","2","60","DI","160","0","160","0","Lainnya","-","","","-","-","-","-","Aktif","Tanah Kering","","680","Redjo Martono");
INSERT INTO asset VALUES("354","1","6","DI","210","0","210","0","Lainnya","-","","","-","-","-","-","Aktif","Tanah Kering","","683","Soemari Saboe");
INSERT INTO asset VALUES("355","1","6","DI","100","0","100","0","Lainnya","-","","","-","-","-","-","Aktif","Tanah Kering","","684","Kaseni Saboe");
INSERT INTO asset VALUES("356","1","6","DI","100","0","100","0","Lainnya","-","","","-","-","-","-","Aktif","Tanah Kering","","685","Moehamin Saboe");
INSERT INTO asset VALUES("357","1","6","DI","190","0","190","0","Lainnya","-","","","-","-","-","-","Aktif","Tanah Kering","","686","Soelati Saboe");
INSERT INTO asset VALUES("358","1","6","DI","100","0","100","0","Lainnya","-","","","-","-","-","-","Aktif","Tanah Kering","","687","Moekri Saboe");
INSERT INTO asset VALUES("359","1","57","DI","600","0","600","0","Lainnya","-","","","-","-","-","-","Aktif","Tanah Kering","","688","Berori H Doerohman");
INSERT INTO asset VALUES("359","2","58","DI","420","0","420","0","Lainnya","-","","","-","-","-","-","Aktif","Tanah Kering","","688","Berori H Doerohman");
INSERT INTO asset VALUES("359","3","58","DI","280","0","280","0","Lainnya","-","","","-","-","-","-","Aktif","Tanah Kering","","688","Berori H Doerohman");
INSERT INTO asset VALUES("359","4","63","DI","200","0","200","0","Lainnya","-","","","-","-","-","-","Aktif","Tanah Kering","","688","Berori H Doerohman");
INSERT INTO asset VALUES("361","1","6","DI","420","330","420","0","Lainnya","-","","","-","-","-","-","Aktif Sebagian","Tanah Kering","","690","Sadam Kromo");
INSERT INTO asset VALUES("361","2","8","DI","600","0","600","0","Lainnya","-","","","-","-","-","-","Aktif","Tanah Kering","","690","Sadam Kromo");
INSERT INTO asset VALUES("361","3","8","DI","800","0","800","0","Lainnya","-","","","-","-","-","-","Aktif","Tanah Kering","","690","Sadam Kromo");
INSERT INTO asset VALUES("736","1","6","DI","330","0","330","0","Lainnya","1987","690","Sadam Kromo","-","-","-","-","Aktif","Tanah Kering","","1084","Imronah bt Jumbari");
INSERT INTO asset VALUES("362","1","9","SII","0","3700","0","0","Lainnya","-","","","-","-","-","-","Tidak Aktif","Sawah","","691","Sabidi Karman");
INSERT INTO asset VALUES("362","2","8","DI","0","230","0","0","Lainnya","-","","","-","-","-","-","Tidak Aktif","Tanah Kering","","691","Sabidi Karman");
INSERT INTO asset VALUES("778","1","9","SII","3700","0","3700","0","Lainnya","1989","691","Sabidi Karman","-","-","-","-","Aktif","Sawah","","1131","Supadi Marpuah");
INSERT INTO asset VALUES("635","1","8","DI","170","0","170","0","Lainnya","-","691","Sabidi Karman","-","-","-","-","Aktif","Tanah Kering","","980","Nasiin Salman");
INSERT INTO asset VALUES("363","1","41","DI","160","0","160","0","Lainnya","-","","","-","-","-","-","Aktif","Tanah Kering","","692","Kasri Karmin");
INSERT INTO asset VALUES("636","1","8","DI","230","0","230","0","Lainnya","-","691","Sabidi Karman","-","-","-","-","Aktif","Tanah Kering","","981","Alman Mursid");
INSERT INTO asset VALUES("887","1","41","DI","160","0","160","0","Lainnya","-","","","-","-","-","-","Aktif","Tanah Kering","","693","Sarti Kaswan");
INSERT INTO asset VALUES("364","1","41","DI","160","0","160","0","Lainnya","-","","","-","-","-","-","Aktif","Tanah Kering","","694","Dasoemi Kaswan");
INSERT INTO asset VALUES("365","1","41","DI","470","0","470","0","Lainnya","-","","","-","-","-","-","Aktif","Tanah Kering","","695","Soedjali Ngar");
INSERT INTO asset VALUES("366","1","37","DI","190","0","190","0","Lainnya","-","","","-","-","-","-","Aktif","Tanah Kering","","696","Soelijah Sasenoe");
INSERT INTO asset VALUES("367","1","37","DI","190","0","190","0","Lainnya","-","","","-","-","-","-","Aktif","Tanah Kering","","697","Kemisah Sasenoe");
INSERT INTO asset VALUES("368","1","37","DI","0","190","0","0","Lainnya","-","","","-","-","-","-","Tidak Aktif","Tanah Kering","","698","Wardi Sasenoe");
INSERT INTO asset VALUES("785","1","37","DI","190","0","190","0","Lainnya","-","698","Wardi Sasenoe","-","-","-","-","Aktif","Tanah Kering","","1139","Sonah Saryan");
INSERT INTO asset VALUES("369","1","37","DI","190","0","190","0","Lainnya","-","","","-","-","-","-","Aktif","Tanah Kering","","699","Krobo Sasenoe");
INSERT INTO asset VALUES("370","1","65","DI","400","0","400","0","Lainnya","-","","","-","-","-","-","Aktif","Tanah Kering","","700","Dasran Sasaemi");
INSERT INTO asset VALUES("371","1","61A","DI","0","480","0","0","Lainnya","-","","","-","-","-","-","Tidak Aktif","Tanah Kering","","701","Keman Dremo");
INSERT INTO asset VALUES("687","1","61A","DI","480","0","480","0","Lainnya","-","701","Keman Dremo","-","-","-","-","Aktif","Tanah Kering","","1033","Giyo / Tun");
INSERT INTO asset VALUES("372","1","52B","SII","2000","0","2000","0","Lainnya","-","","","-","-","-","-","Aktif","Sawah","","703","Mastoer H b Kaer");
INSERT INTO asset VALUES("373","1","52B","SII","1250","0","1250","0","Lainnya","-","","","-","-","-","-","Aktif","Sawah","","704","Rakati/ Dardi");
INSERT INTO asset VALUES("374","1","25","DI","2800","0","2800","0","Lainnya","-","","","-","-","-","-","Aktif","Tanah Kering","","705","Hardjo");
INSERT INTO asset VALUES("375","1","47","SIII","0","1950","0","0","Lainnya","-","","","-","-","-","-","Tidak Aktif","Sawah","","706","Soewarno");
INSERT INTO asset VALUES("675","1","47","SIII","1950","0","1950","0","Lainnya","-","706","Soewarno","-","-","-","-","Aktif","Sawah","","1020","Parni Sarmo");
INSERT INTO asset VALUES("376","1","39","SIII","7700","0","7700","0","Lainnya","-","","","-","-","-","-","Aktif","Sawah","","707","Soemartono b Soemantri");
INSERT INTO asset VALUES("376","2","64","SI","13550","0","13550","0","Lainnya","-","","","-","-","-","-","Aktif","Sawah","","707","Soemartono b Soemantri");
INSERT INTO asset VALUES("376","3","49","DI","600","0","600","0","Lainnya","-","","","-","-","-","-","Aktif","Tanah Kering","","707","Soemartono b Soemantri");
INSERT INTO asset VALUES("377","1","35","DI","760","540","760","0","Lainnya","-","","","-","-","-","-","Aktif Sebagian","Tanah Kering","","708","Soemantri Al Kardi");
INSERT INTO asset VALUES("377","2","35","DI","0","400","0","0","Lainnya","-","","","-","-","-","-","Tidak Aktif","Tanah Kering","","708","Soemantri Al Kardi");
INSERT INTO asset VALUES("697","1","35","DI","540","0","540","0","Lainnya","-","708","Soemantri Al Kardi","-","-","-","-","Aktif","Tanah Kering","","1043","Harjo Rupingi");
INSERT INTO asset VALUES("696","1","35","DI","0","400","0","0","Lainnya","-","708","Soemantri Al Kardi","-","-","-","-","Tidak Aktif","Tanah Kering","","1042","semah Sudiro");
INSERT INTO asset VALUES("743","1","37","DI","800","0","800","0","Lainnya","1987","709","Sarman / Roebijah","-","-","-","-","Aktif","Tanah Kering","","1092","Senawi Sarman");
INSERT INTO asset VALUES("744","1","37","DI","0","430","0","0","Lainnya","-","709","Sarman / Roebijah","-","-","-","-","Tidak Aktif","Tanah Kering","","1093","Parno Sarman");
INSERT INTO asset VALUES("744","2","63","DI","420","0","420","0","Lainnya","-","709","Sarman / Roebijah","-","-","-","-","Aktif","Tanah Kering","","1093","Parno Sarman");
INSERT INTO asset VALUES("745","1","65","DI","283","467","283","0","Lainnya","-","709","Sarman / Roebijah","-","-","-","-","Aktif Sebagian","Tanah Kering","","1094","Simah bt Sarman");
INSERT INTO asset VALUES("379","1","37","DI","0","180","0","0","Lainnya","-","","","-","-","-","-","Tidak Aktif","Tanah Kering","","710","Sarman Somoredjo");
INSERT INTO asset VALUES("783","1","37","DI","0","180","0","0","Lainnya","1989","710","Sarman Somoredjo","-","-","-","-","Tidak Aktif","Tanah Kering","","1136","Mani Sajiah");
INSERT INTO asset VALUES("380","1","5","DI","0","460","0","0","Lainnya","-","","","-","-","-","-","Tidak Aktif","Tanah Kering","","711","Jati b Marjani");
INSERT INTO asset VALUES("769","1","5","DI","460","0","460","0","Lainnya","1989","711","Jati b Marjani","-","-","-","-","Aktif","Tanah Kering","","1118","Katijah");
INSERT INTO asset VALUES("888","1","13A","SI","4800","0","4800","0","Lainnya","-","","","-","-","-","-","Aktif","Sawah","","712","Soejoko b Hadisoeroso");
INSERT INTO asset VALUES("889","1","25","DI","0","450","0","0","Lainnya","-","","","-","-","-","-","Tidak Aktif","Tanah Kering","","713","AStrodjono / Sind, KL");
INSERT INTO asset VALUES("889","2","25","DI","0","200","0","0","Lainnya","-","","","-","-","-","-","Tidak Aktif","Tanah Kering","","713","AStrodjono / Sind, KL");
INSERT INTO asset VALUES("96","1","25","DI","450","0","450","0","Lainnya","-","713","AStrodjono / Sind, K","-","-","-","-","Aktif","Tanah Kering","","242","Soetomo Kasran");
INSERT INTO asset VALUES("96","2","25","DI","200","0","200","0","Lainnya","-","713","AStrodjono / Sind, K","-","-","-","-","Aktif","Tanah Kering","","242","Soetomo Kasran");
INSERT INTO asset VALUES("381","1","6 ","DI","270","0","270","0","Lainnya","-","","","-","-","-","-","Aktif","Tanah Kering","","714","Soepari Sarmani");
INSERT INTO asset VALUES("381","2","8","DI","170","0","170","0","Lainnya","-","","","-","-","-","-","Aktif","Tanah Kering","","714","Soepari Sarmani");
INSERT INTO asset VALUES("382","1","5","DI","860","0","860","0","Lainnya","-","","","-","-","-","-","Aktif","Tanah Kering","","715","Soentarijah b Denan");
INSERT INTO asset VALUES("383","1","5","DI","380","0","380","0","Lainnya","-","","","-","-","-","-","Aktif","Tanah Kering","","716","Desoep b Soedjak");
INSERT INTO asset VALUES("383","2","5","DI","70","160","70","0","Lainnya","-","","","-","-","-","-","Aktif Sebagian","Tanah Kering","","716","Desoep b Soedjak");
INSERT INTO asset VALUES("383","3","5","DI","200","0","200","0","Lainnya","-","","","-","-","-","-","Aktif","Tanah Kering","","716","Desoep b Soedjak");
INSERT INTO asset VALUES("637","1","5","DI","0","170","0","0","Lainnya","-","716","Desoep b Soedjak","-","-","-","-","Tidak Aktif","Tanah Kering","","982","Suciati Sudarmo");
INSERT INTO asset VALUES("638","1","5","DI","160","0","160","0","Lainnya","-","716","Desoep b Soedjak","-","-","-","-","Aktif","Tanah Kering","","983","Juhar b Rasmin");
INSERT INTO asset VALUES("384","1","5","DI","380","0","380","0","Lainnya","-","","","-","-","-","-","Aktif","Tanah Kering","","717","Aliman");
INSERT INTO asset VALUES("386","1","19","DI","440","0","440","0","Lainnya","-","","","-","-","-","-","Aktif","Tanah Kering","","722","Saeman b Niti");
INSERT INTO asset VALUES("388","1","19","DI","350","0","350","0","Lainnya","-","","","-","-","-","-","Aktif","Tanah Kering","","723","Badi b Mitro");
INSERT INTO asset VALUES("389","1","26","DI","600","0","600","0","Lainnya","-","","","-","-","-","-","Aktif","Tanah Kering","","724","Sardan / Rat");
INSERT INTO asset VALUES("389","2","26","DI","500","0","500","0","Lainnya","-","","","-","-","-","-","Aktif","Tanah Kering","","724","Sardan / Rat");
INSERT INTO asset VALUES("390","1","19","DI","480","0","480","0","Lainnya","-","","","-","-","-","-","Aktif","Tanah Kering","","725","Matredjo / Roeti");
INSERT INTO asset VALUES("391","1","19","DI","110","140","110","0","Lainnya","-","","","-","-","-","-","Aktif Sebagian","Tanah Kering","","726","Isman b Soejono");
INSERT INTO asset VALUES("759","1","19","DI","140","0","140","0","Lainnya","1988","726","Isman b Soejono","-","-","-","-","Aktif","Tanah Kering","","1108","Nursuci Sudir");
INSERT INTO asset VALUES("387","1","21","DII","490","0","490","0","Lainnya","-","","","-","-","-","-","Aktif","Tanah Kering","","727","Soeminah Kasnan");
INSERT INTO asset VALUES("890","1","8","DI","800","0","800","0","Lainnya","-","","","-","-","-","-","Aktif","Tanah Kering","","728","Moenadjad b Darkah");
INSERT INTO asset VALUES("392","1","5","DI","350","0","350","0","Lainnya","-","","","-","-","-","-","Aktif","Tanah Kering","","729","moesriatoen Djajoen");
INSERT INTO asset VALUES("393","1","21","DII","240","0","240","0","Lainnya","-","","","-","-","-","-","Aktif","Tanah Kering","","730","Kamari b Sarmo");
INSERT INTO asset VALUES("394","1","25","DI","240","0","240","0","Lainnya","-","","","-","-","-","-","Aktif","Tanah Kering","","731","Slamet b Sasmo");
INSERT INTO asset VALUES("395","1","25","DI","240","0","240","0","Lainnya","-","","","-","-","-","-","Aktif","Tanah Kering","","732","Roemini b Sasmo");
INSERT INTO asset VALUES("396","1","25","DI","170","0","170","0","Lainnya","-","","","-","-","-","-","Aktif","Tanah Kering","","733","Soerati b Sasmo");
INSERT INTO asset VALUES("397","1","25","DI","300","0","300","0","Lainnya","-","","","-","-","-","-","Aktif","Tanah Kering","","734","Kasep b Sasmo");
INSERT INTO asset VALUES("398","1","25","DI","150","0","150","0","Lainnya","-","","","-","-","-","-","Aktif","Tanah Kering","","735","Ripah b Baheni");
INSERT INTO asset VALUES("399","1","19","DI","200","0","200","0","Lainnya","-","","","-","-","-","-","Aktif","Tanah Kering","","736","Rahmad b Soepar");
INSERT INTO asset VALUES("400","1","8","DI","420","0","420","0","Lainnya","-","","","-","-","-","-","Aktif","Tanah Kering","","737","Ngapijah b Ngalim");
INSERT INTO asset VALUES("401","1","8","DI","340","0","340","0","Lainnya","-","","","-","-","-","-","Aktif","Tanah Kering","","738","Ngasini b Gani");
INSERT INTO asset VALUES("402","1","61A","DI","0","270","0","0","Lainnya","-","","","-","-","-","-","Tidak Aktif","Tanah Kering","","740","Kasemah b Nastro");
INSERT INTO asset VALUES("688","1","61A","DI","270","0","270","0","Lainnya","-","740","Kasemah b Nastro","-","-","-","-","Aktif","Tanah Kering","","1034","Saryem Martourip");
INSERT INTO asset VALUES("403","1","61A","DI","0","180","0","0","Lainnya","-","","","-","-","-","-","Tidak Aktif","Tanah Kering","","741","Ngatini b Nastro");
INSERT INTO asset VALUES("688","2","61A","DI","180","0","180","0","Lainnya","-","741","Ngatini b Nastro","-","-","-","-","Aktif","Tanah Kering","","1034","Saryem Martourip");
INSERT INTO asset VALUES("404","1","61A","DI","0","200","0","0","Lainnya","-","","","-","-","-","-","Tidak Aktif","Tanah Kering","","742","Darsini b Nastro");
INSERT INTO asset VALUES("688","3","61A","DI","200","0","200","0","Lainnya","-","742","Darsini b Nastro","-","-","-","-","Aktif","Tanah Kering","","1034","Saryem Martourip");
INSERT INTO asset VALUES("405","1","61A","DI","0","120","0","0","Lainnya","-","","","-","-","-","-","Tidak Aktif","Tanah Kering","","743","Lasmi b Nastro");
INSERT INTO asset VALUES("688","4","61A","DI","120","0","120","0","Lainnya","-","743","Lasmi b Nastro","-","-","-","-","Aktif","Tanah Kering","","1034","Saryem Martourip");
INSERT INTO asset VALUES("406","1","5","DI","350","0","350","0","Lainnya","-","","","-","-","-","-","Aktif","Tanah Kering","","744","Djoembari Ngalim");
INSERT INTO asset VALUES("406","2","5","DI","310","0","310","0","Lainnya","-","","","-","-","-","-","Aktif","Tanah Kering","","744","Djoembari Ngalim");
INSERT INTO asset VALUES("407","1","6","DI","450","0","450","0","Lainnya","-","","","-","-","-","-","Aktif","Tanah Kering","","745","Saeri Kardi");
INSERT INTO asset VALUES("408","1","6","DI","300","0","300","0","Lainnya","-","","","-","-","-","-","Aktif","Tanah Kering","","746","Roekajah Kardi");
INSERT INTO asset VALUES("409","1","26","DI","60","140","60","0","Lainnya","-","","","-","-","-","-","Aktif Sebagian","Tanah Kering","","747","Marni Karjani");
INSERT INTO asset VALUES("409","2","26","DI","250","0","250","0","Lainnya","-","","","-","-","-","-","Aktif","Tanah Kering","","747","Marni Karjani");
INSERT INTO asset VALUES("803","1","26","DI","0","140","0","0","Lainnya","-","747","Marni Karjani","-","-","-","-","Tidak Aktif","Tanah Kering","","1161","Jayem Marni");
INSERT INTO asset VALUES("410","1","19","DI","420","0","420","0","Lainnya","-","","","-","-","-","-","Aktif","Tanah Kering","","748","Ramini b Soetar");
INSERT INTO asset VALUES("411","1","19","DI","740","0","740","0","Lainnya","-","","","-","-","-","-","Aktif","Tanah Kering","","750","Toeroes b Soeman");
INSERT INTO asset VALUES("412","1","19","DI","730","0","730","0","Lainnya","-","","","-","-","-","-","Aktif","Tanah Kering","","751","Kaeri b Kadar");
INSERT INTO asset VALUES("414","1","19","DI","350","0","350","0","Lainnya","-","","","-","-","-","-","Aktif","Tanah Kering","","754","Soebi B Darmo");
INSERT INTO asset VALUES("418","1","45","SIII","670","0","670","0","Lainnya","-","","","-","-","-","-","Aktif","Sawah","","759","Marmah Medjo");
INSERT INTO asset VALUES("423","1","37","DI","500","0","500","0","Lainnya","-","","","-","-","-","-","Aktif","Tanah Kering","","764","Kamsin b Sarman");
INSERT INTO asset VALUES("428","1","50A","DI","550","0","550","0","Lainnya","-","","","-","-","-","-","Aktif","Tanah Kering","","770","Soedarno b Tiko");
INSERT INTO asset VALUES("429","1","9","SII","3750","0","3750","0","Lainnya","-","","","-","-","-","-","Aktif","Sawah","","771","Bakri Badroen");
INSERT INTO asset VALUES("429","2","6","DI","850","0","850","0","Lainnya","-","","","-","-","-","-","Aktif","Tanah Kering","","771","Bakri Badroen");
INSERT INTO asset VALUES("434","1","66","DI","90","0","90","0","Lainnya","-","","","-","-","-","-","Aktif","Tanah Kering","","777","Satimah");
INSERT INTO asset VALUES("435","1","66","DI","0","120","0","0","Lainnya","-","","","-","-","-","-","Tidak Aktif","Tanah Kering","","778","Soepar");
INSERT INTO asset VALUES("436","1","66","DI","90","0","90","0","Lainnya","-","","","-","-","-","-","Aktif","Tanah Kering","","779","Kadari");
INSERT INTO asset VALUES("437","1","66","DI","90","0","90","0","Lainnya","-","","","-","-","-","-","Aktif","Tanah Kering","","780","Rachman");
INSERT INTO asset VALUES("438","1","66","DI","130","0","130","0","Lainnya","-","","","-","-","-","-","Aktif","Tanah Kering","","781","Rasmi");
INSERT INTO asset VALUES("439","1","66","DI","130","0","130","0","Lainnya","-","","","-","-","-","-","Aktif","Tanah Kering","","782","Sastroredjo");
INSERT INTO asset VALUES("440","1","66","DI","90","0","90","0","Lainnya","-","","","-","-","-","-","Aktif","Tanah Kering","","783","Samad");
INSERT INTO asset VALUES("441","1","66","DI","90","0","90","0","Lainnya","-","","","-","-","-","-","Aktif","Tanah Kering","","784","Parni");
INSERT INTO asset VALUES("442","1","66","DI","150","0","150","0","Lainnya","-","","","-","-","-","-","Aktif","Tanah Kering","","785","Makroep");
INSERT INTO asset VALUES("444","1","28","SI","12350","0","12350","0","Lainnya","-","","","-","-","-","-","Aktif","Sawah","","787","Doelmoekti b Iksan H");
INSERT INTO asset VALUES("446","1","30","SII","4550","0","4550","0","Lainnya","-","","","-","-","-","-","Aktif","Sawah","","789","Rasem b Mamrodji");
INSERT INTO asset VALUES("447","1","29","SII","4900","0","4900","0","Lainnya","-","","","-","-","-","-","Aktif","Sawah","","790","Kartimah");
INSERT INTO asset VALUES("449","1","65","DI","350","0","350","0","Lainnya","-","","","-","-","-","-","Aktif","Tanah Kering","","792","Soedarno b Kobro");
INSERT INTO asset VALUES("450","1","53B","SIV","600","0","600","0","Lainnya","-","","","-","-","-","-","Aktif","Sawah","","793","Kamin b Sasmi");
INSERT INTO asset VALUES("451","1","29","SII","5100","0","5100","0","Lainnya","-","","","-","-","-","-","Aktif","Sawah","","794","Siti Rohmah");
INSERT INTO asset VALUES("451","2","52B","SII","5350","0","5350","0","Lainnya","-","","","-","-","-","-","Aktif","Sawah","","794","Siti Rohmah");
INSERT INTO asset VALUES("452","1","41","DI","350","0","350","0","Lainnya","-","","","-","-","-","-","Aktif","Tanah Kering","","795","Marwan");
INSERT INTO asset VALUES("453","1","29","SII","4900","0","4900","0","Lainnya","-","","","-","-","-","-","Aktif","Sawah","","796","Marmah");
INSERT INTO asset VALUES("455","1","29","SII","5000","0","5000","0","Lainnya","-","","","-","-","-","-","Aktif","Sawah","","798","Kastawi Merto");
INSERT INTO asset VALUES("456","1","30","SII","4650","0","4650","0","Lainnya","-","","","-","-","-","-","Aktif","Sawah","","799","Kasmah Soejono");
INSERT INTO asset VALUES("458","1","52B","SII","5050","0","5050","0","Lainnya","-","","","-","-","-","-","Aktif","Sawah","","801","Toenadi Lastro");
INSERT INTO asset VALUES("461","1","13A","SII","4600","0","4600","0","Lainnya","-","","","-","-","-","-","Aktif","Sawah","","804","Komarijah Doeriman");
INSERT INTO asset VALUES("413","1","20","SII","0","950","0","0","Lainnya","-","","","-","-","-","-","Tidak Aktif","Sawah","","752","Soemiatoen b Redjo");
INSERT INTO asset VALUES("413","2","20","SII","0","750","0","0","Lainnya","-","","","-","-","-","-","Tidak Aktif","Sawah","","752","Soemiatoen b Redjo");
INSERT INTO asset VALUES("413","3","30","SII","300","0","300","0","Lainnya","-","","","-","-","-","-","Aktif","Sawah","","752","Soemiatoen b Redjo");
INSERT INTO asset VALUES("413","4","38","SIII","3750","0","3750","0","Lainnya","-","","","-","-","-","-","Aktif","Sawah","","752","Soemiatoen b Redjo");
INSERT INTO asset VALUES("413","5","19","DI","40","680","40","0","Lainnya","-","","","-","-","-","-","Aktif Sebagian","Tanah Kering","","752","Soemiatoen b Redjo");
INSERT INTO asset VALUES("413","6","21","DII","0","250","0","0","Lainnya","-","","","-","-","-","-","Tidak Aktif","Tanah Kering","","752","Soemiatoen b Redjo");
INSERT INTO asset VALUES("583","1","20","SII","950","0","950","0","Lainnya","-","752","Soemiatoen b Redjo","-","-","-","-","Aktif","Sawah","","927","Sutoyo Suwar");
INSERT INTO asset VALUES("583","2","20","SII","750","0","750","0","Lainnya","-","752","Soemiatoen b Redjo","-","-","-","-","Aktif","Sawah","","927","Sutoyo Suwar");
INSERT INTO asset VALUES("583","3","19","DI","170","0","170","0","Lainnya","-","752","Soemiatoen b Redjo","-","-","-","-","Aktif","Tanah Kering","","927","Sutoyo Suwar");
INSERT INTO asset VALUES("809","1","21","DII","250","0","250","0","Lainnya","-","752","Soemiatoen b Redjo","-","-","-","-","Aktif","Tanah Kering","","1128","Turus Suman");
INSERT INTO asset VALUES("415","1","40","SII","450","0","450","0","Lainnya","-","","","-","-","-","-","Aktif","Sawah","","755","Karsidah B Soeri");
INSERT INTO asset VALUES("416","1","50A","DI","300","0","300","0","Lainnya","-","","","-","-","-","-","Aktif","Tanah Kering","","756","Sarkani b Wardjo");
INSERT INTO asset VALUES("417","1","45","SIII","0","670","0","0","Lainnya","-","","","-","-","-","-","Tidak Aktif","Sawah","","758","Ngasijah Senan");
INSERT INTO asset VALUES("417","2","42","DI","0","560","0","0","Lainnya","-","","","-","-","-","-","Tidak Aktif","Tanah Kering","","758","Ngasijah Senan");
INSERT INTO asset VALUES("417","3","54A","DI","400","0","400","0","Lainnya","-","","","-","-","-","-","Aktif","Tanah Kering","","758","Ngasijah Senan");
INSERT INTO asset VALUES("594","1","45","SIII","670","0","670","0","Lainnya","-","758","Ngasijah Senan","-","-","-","-","Aktif","Sawah","","938","Remi b Suwito");
INSERT INTO asset VALUES("821","1","42","DI","560","0","560","0","Lainnya","1990","758","Ngasijah Senan","-","-","-","-","Aktif","Tanah Kering","","1176","Siti Sri Rejeki Sayem");
INSERT INTO asset VALUES("419","1","41","DI","0","150","0","0","Lainnya","-","","","-","-","-","-","Tidak Aktif","Tanah Kering","","760","Wartam Kaswan");
INSERT INTO asset VALUES("420","1","21","DII","200","0","200","0","Lainnya","-","","","-","-","-","-","Aktif","Tanah Kering","","761","Karto Sarkoen");
INSERT INTO asset VALUES("420","2","41","DI","160","0","160","0","Lainnya","-","","","-","-","-","-","Aktif","Tanah Kering","","761","Karto Sarkoen");
INSERT INTO asset VALUES("420","3","41","DI","160","0","160","0","Lainnya","-","","","-","-","-","-","Aktif","Tanah Kering","","761","Karto Sarkoen");
INSERT INTO asset VALUES("420","4","41","DI","190","0","190","0","Lainnya","-","","","-","-","-","-","Aktif","Tanah Kering","","761","Karto Sarkoen");
INSERT INTO asset VALUES("421","1","9","SII","3700","0","3700","0","Lainnya","-","","","-","-","-","-","Aktif","Sawah","","762","Warti b Jadi");
INSERT INTO asset VALUES("422","1","54A","DI","0","140","0","0","Lainnya","-","","","-","-","-","-","Tidak Aktif","Tanah Kering","","763","Roeimah b Boenawi");
INSERT INTO asset VALUES("424","1","49","DI","0","400","0","0","Lainnya","-","","","-","-","-","-","Tidak Aktif","Tanah Kering","","765","Kasmani b Ngasdjo");
INSERT INTO asset VALUES("793","1","49","DI","3","397","3","0","Lainnya","1989","765","Kasmani b Ngasdjo","-","-","-","-","Aktif Sebagian","Tanah Kering","","1150","Rabawi Kasmani");
INSERT INTO asset VALUES("426","1","58","DI","0","280","0","0","Lainnya","-","","","-","-","-","-","Tidak Aktif","Tanah Kering","","767","Marah b Doelrohman");
INSERT INTO asset VALUES("728","1","58","DI","280","0","280","0","Lainnya","1986","767","Marah b Doelrohman","-","-","-","-","Aktif","Tanah Kering","","1074","Sakroni b Mustari");
INSERT INTO asset VALUES("427","1","58","DI","0","180","0","0","Lainnya","-","","","-","-","-","-","Tidak Aktif","Tanah Kering","","768","Tarjoeni b Doelrohman");
INSERT INTO asset VALUES("430","1","61A","DI","0","550","0","0","Lainnya","-","","","-","-","-","-","Tidak Aktif","Tanah Kering","","772","Sarpi b Rasmini");
INSERT INTO asset VALUES("612","1","61A","DI","150","0","150","0","Lainnya","-","772","Sarpi b Rasmini","-","-","-","-","Aktif","Tanah Kering","","956","Sumi Sudjak");
INSERT INTO asset VALUES("432","1","65","DI","0","450","0","0","Lainnya","-","","","-","-","-","-","Tidak Aktif","Tanah Kering","","774","Soerati b Harto");
INSERT INTO asset VALUES("686","3","61A","DI","550","0","550","0","Lainnya","-","772","Sarpi b Rasmini","-","-","-","-","Aktif","Tanah Kering","","1032","Karno Rumiati");
INSERT INTO asset VALUES("577","1","65","DI","450","0","450","0","Lainnya","-","774","Soerati b Harto","-","-","-","-","Aktif","Tanah Kering","","921","Werodaman / Sosi");
INSERT INTO asset VALUES("433","1","65","DI","100","200","100","0","Lainnya","-","","","-","-","-","-","Aktif Sebagian","Tanah Kering","","775","Kasti b Harto");
INSERT INTO asset VALUES("577","2","65","DI","200","0","200","0","Lainnya","-","775","Kasti b Harto","-","-","-","-","Aktif","Tanah Kering","","921","Werodaman / Sosi");
INSERT INTO asset VALUES("443","1","29","SII","0","1220","0","0","Lainnya","-","","","-","-","-","-","Tidak Aktif","Sawah","","786","Sapoean b Sapan");
INSERT INTO asset VALUES("445","1","29","SII","3680","0","3680","0","Lainnya","-","786","Sapoean b Sapan","-","-","-","-","Aktif","Sawah","","788","Soesia b Benawi");
INSERT INTO asset VALUES("818","1","29","SII","1220","0","1220","0","Lainnya","-","786","Sapoean b Sapan","-","-","-","-","Aktif","Sawah","","1138","Karti Sayudi");
INSERT INTO asset VALUES("113","1","36","DI","530","180","530","0","Lainnya","-","","","-","-","-","-","Aktif Sebagian","Tanah Kering","","274","Samin Redjo");
INSERT INTO asset VALUES("445","2","36","DI","790","0","790","0","Lainnya","-","274","Samin Redjo","-","-","-","-","Aktif","Tanah Kering","","788","Soesia b Benawi");
INSERT INTO asset VALUES("720","1","36","DI","180","0","180","0","Lainnya","1986","274","Samin Redjo","-","-","-","-","Aktif","Tanah Kering","","1066","Kasman / Darwati");
INSERT INTO asset VALUES("445","3","59","DI","400","0","400","0","Lainnya","-","","","-","-","-","-","Aktif","Tanah Kering","","788","Soesia b Benawi");
INSERT INTO asset VALUES("448","1","52B","SII","4450","0","4450","0","Lainnya","-","","","-","-","-","-","Aktif","Sawah","","791","Roetijah b NoerJoedi");
INSERT INTO asset VALUES("454","1","30","SII","2515","1735","2515","0","Lainnya","-","","","-","-","-","-","Aktif Sebagian","Sawah","","797","Karno Roemijati");
INSERT INTO asset VALUES("454","2","61A","DI","1260","0","1260","0","Lainnya","-","","","-","-","-","-","Aktif","Tanah Kering","","797","Karno Roemijati");
INSERT INTO asset VALUES("457","1","52B","SII","4950","0","4950","0","Lainnya","-","","","-","-","-","-","Aktif","Sawah","","800","Karmo Sosal");
INSERT INTO asset VALUES("457","2","41","DI","1150","150","1150","0","Lainnya","-","","","-","-","-","-","Aktif Sebagian","Tanah Kering","","800","Karmo Sosal");
INSERT INTO asset VALUES("457","3","41","DI","200","0","200","0","Lainnya","-","","","-","-","-","-","Aktif","Tanah Kering","","800","Karmo Sosal");
INSERT INTO asset VALUES("457","4","50A","DI","330","0","330","0","Lainnya","-","","","-","-","-","-","Aktif","Tanah Kering","","800","Karmo Sosal");
INSERT INTO asset VALUES("457","5","50A","DI","430","0","430","0","Lainnya","-","","","-","-","-","-","Aktif","Tanah Kering","","800","Karmo Sosal");
INSERT INTO asset VALUES("679","3","41","DI","150","0","150","0","Lainnya","1991","800","Karmo Sosal","-","-","-","-","Aktif","Tanah Kering","","1025","Karto Kastawi");
INSERT INTO asset VALUES("103","1","40","SII","4400","0","4400","0","Lainnya","-","","","-","-","-","-","Aktif","Sawah","","254","Setam wiro");
INSERT INTO asset VALUES("103","2","40","SII","980","0","980","0","Lainnya","-","","","-","-","-","-","Aktif","Sawah","","254","Setam wiro");
INSERT INTO asset VALUES("103","3","40","SII","4350","0","4350","0","Lainnya","-","","","-","-","-","-","Aktif","Sawah","","254","Setam wiro");
INSERT INTO asset VALUES("103","4","41","DI","140","220","140","0","Lainnya","-","","","-","-","-","-","Aktif Sebagian","Tanah Kering","","254","Setam wiro");
INSERT INTO asset VALUES("103","5","42","DII","910","140","910","0","Lainnya","-","","","-","-","-","-","Aktif Sebagian","Tanah Kering","","254","Setam wiro");
INSERT INTO asset VALUES("679","4","42","DII","140","0","140","0","Lainnya","-","254","Setam wiro","-","-","-","-","Aktif","Tanah Kering","","1025","Karto Kastawi");
INSERT INTO asset VALUES("806","1","41","DI","320","0","320","0","Lainnya","-","254","Setam wiro","-","-","-","-","Aktif","Tanah Kering","","1164","Senin Kaeri");
INSERT INTO asset VALUES("459","1","42","DII","0","450","0","0","Lainnya","-","","","-","-","-","-","Tidak Aktif","Tanah Kering","","802","Soetirah Tiko");
INSERT INTO asset VALUES("459","2","42","DII","0","400","0","0","Lainnya","-","","","-","-","-","-","Tidak Aktif","Tanah Kering","","802","Soetirah Tiko");
INSERT INTO asset VALUES("459","3","42","DII","0","650","0","0","Lainnya","-","","","-","-","-","-","Tidak Aktif","Tanah Kering","","802","Soetirah Tiko");
INSERT INTO asset VALUES("756","1","42","DII","450","0","450","0","Lainnya","1988","802","Soetirah Tiko","-","-","-","-","Aktif","Tanah Kering","","1105","Kamsin Suminah");
INSERT INTO asset VALUES("460","1","63","DI","200","400","200","0","Lainnya","-","","","-","-","-","-","Aktif Sebagian","Tanah Kering","","803","Marwan Sedan");
INSERT INTO asset VALUES("460","2","63","DI","650","0","650","0","Lainnya","-","","","-","-","-","-","Aktif","Tanah Kering","","803","Marwan Sedan");
INSERT INTO asset VALUES("831","1","63","DI","400","0","400","0","Lainnya","-","803","Marwan Sedan","-","-","-","-","Aktif","Tanah Kering","","1195","Pardi Rembyuk");
INSERT INTO asset VALUES("462","1","25","DI","400","0","400","0","Lainnya","-","","","-","-","-","-","Aktif","Tanah Kering","","805","Siswo b Roesnin");
INSERT INTO asset VALUES("463","1","25","DI","0","300","0","0","Lainnya","-","","","-","-","-","-","Tidak Aktif","Tanah Kering","","806","Roesnin / Jaji");
INSERT INTO asset VALUES("463","2","25","DI","0","100","0","0","Lainnya","-","","","-","-","-","-","Tidak Aktif","Tanah Kering","","806","Roesnin / Jaji");
INSERT INTO asset VALUES("592","1","25","DI","185","115","185","0","Lainnya","-","806","Roesnin / Jaji","-","-","-","-","Aktif Sebagian","Tanah Kering","","937","Soyi b Kadam");
INSERT INTO asset VALUES("592","2","25","DI","100","0","100","0","Lainnya","-","806","Roesnin / Jaji","-","-","-","-","Aktif","Tanah Kering","","937","Soyi b Kadam");
INSERT INTO asset VALUES("464","1","19","DI","280","70","280","0","Lainnya","-","","","-","-","-","-","Aktif Sebagian","Tanah Kering","","807","Moedji");
INSERT INTO asset VALUES("466","1","12","SI","5100","0","5100","0","Lainnya","-","","","-","-","-","-","Aktif","Sawah","","809","Tamrin Sapijan");
INSERT INTO asset VALUES("466","2","5","DI","200","0","200","0","Lainnya","-","","","-","-","-","-","Aktif","Tanah Kering","","809","Tamrin Sapijan");
INSERT INTO asset VALUES("466","3","5","DI","200","0","200","0","Lainnya","-","","","-","-","-","-","Aktif","Tanah Kering","","809","Tamrin Sapijan");
INSERT INTO asset VALUES("467","1","26","DI","0","900","0","0","Lainnya","-","","","-","-","-","-","Tidak Aktif","Tanah Kering","","811","Nasijah Sriati");
INSERT INTO asset VALUES("574","1","26","DI","0","300","0","0","Lainnya","-","811","Nasijah Sriati","-","-","-","-","Tidak Aktif","Tanah Kering","","918","Semi bt Samat");
INSERT INTO asset VALUES("575","2","26","DI","760","140","760","0","Lainnya","-","811","Nasijah Sriati","-","-","-","-","Aktif Sebagian","Tanah Kering","","919","Suki bt Suwarno");
INSERT INTO asset VALUES("468","1","20","SII","700","0","700","0","Lainnya","-","","","-","-","-","-","Aktif","Sawah","","812","Moesin Soedar");
INSERT INTO asset VALUES("469","1","21","DII","0","300","0","0","Lainnya","-","","","-","-","-","-","Tidak Aktif","Tanah Kering","","813","Desri Soedar");
INSERT INTO asset VALUES("469","2","21","DII","0","120","0","0","Lainnya","-","","","-","-","-","-","Tidak Aktif","Tanah Kering","","813","Desri Soedar");
INSERT INTO asset VALUES("651","1","21","DII","300","0","300","0","Lainnya","-","813","Desri Soedar","-","-","-","-","Aktif","Tanah Kering","","995","Muji Somo");
INSERT INTO asset VALUES("651","2","21","DII","120","0","120","0","Lainnya","-","813","Desri Soedar","-","-","-","-","Aktif","Tanah Kering","","995","Muji Somo");
INSERT INTO asset VALUES("470","1","5","DI","840","0","840","0","Lainnya","-","","","-","-","-","-","Aktif","Tanah Kering","","814","Mabroer Sastro");
INSERT INTO asset VALUES("471","1","60","DI","350","0","350","0","Lainnya","-","","","-","-","-","-","Aktif","Tanah Kering","","815","Soeari Kaswan");
INSERT INTO asset VALUES("472","1","52B","SII","1500","1900","1500","0","Lainnya","-","","","-","-","-","-","Aktif Sebagian","Sawah","","816","Sedjo Dasam");
INSERT INTO asset VALUES("472","2","52B","SII","120","140","120","0","Lainnya","-","","","-","-","-","-","Aktif Sebagian","Sawah","","816","Sedjo Dasam");
INSERT INTO asset VALUES("303","5","52B","SII","1900","0","1900","0","Lainnya","-","816","Sedjo Dasam","-","-","-","-","Aktif","Sawah","","621","Taip");
INSERT INTO asset VALUES("833","1","52B","SII","140","0","140","0","Lainnya","-","816","Sedjo Dasam","-","-","-","-","Aktif","Sawah","","1191","Rusmi");
INSERT INTO asset VALUES("473","1","37","DI","230","0","230","0","Lainnya","-","","","-","-","-","-","Aktif","Tanah Kering","","817","Sedjan Mitro");
INSERT INTO asset VALUES("474","1","29","SII","4950","0","4950","0","Lainnya","-","","","-","-","-","-","Aktif","Sawah","","818","Sajoemi Seam");
INSERT INTO asset VALUES("474","2","61A","DI","357","363","357","0","Lainnya","-","","","-","-","-","-","Aktif Sebagian","Tanah Kering","","818","Sajoemi Seam");
INSERT INTO asset VALUES("475","1","5","DI","0","350","0","0","Lainnya","-","","","-","-","-","-","Tidak Aktif","Tanah Kering","","819","Rondijah Djajoes");
INSERT INTO asset VALUES("475","2","5","DI","0","220","0","0","Lainnya","-","","","-","-","-","-","Tidak Aktif","Tanah Kering","","819","Rondijah Djajoes");
INSERT INTO asset VALUES("475","3","5","DI","100","0","100","0","Lainnya","-","","","-","-","-","-","Aktif","Tanah Kering","","819","Rondijah Djajoes");
INSERT INTO asset VALUES("475","4","5","DI","100","0","100","0","Lainnya","-","","","-","-","-","-","Aktif","Tanah Kering","","819","Rondijah Djajoes");
INSERT INTO asset VALUES("475","5","5","DI","90","0","90","0","Lainnya","-","","","-","-","-","-","Aktif","Tanah Kering","","819","Rondijah Djajoes");
INSERT INTO asset VALUES("776","1","5","DI","350","0","350","0","Lainnya","1989","819","Rondijah Djajoes","-","-","-","-","Aktif","Tanah Kering","","1129","Maesaezarop Kuzaeri");
INSERT INTO asset VALUES("776","2","5","DI","220","0","220","0","Lainnya","1989","819","Rondijah Djajoes","-","-","-","-","Aktif","Tanah Kering","","1129","Maesaezarop Kuzaeri");
INSERT INTO asset VALUES("476","1","9","SII","1780","0","1780","0","Lainnya","-","","","-","-","-","-","Aktif","Sawah","","820","Kalsoem Salam");
INSERT INTO asset VALUES("477","1","9","SII","1770","0","1770","0","Lainnya","-","","","-","-","-","-","Aktif","Sawah","","821","Soelijah Salam");
INSERT INTO asset VALUES("478","1","20","SII","4000","0","4000","0","Lainnya","-","","","-","-","-","-","Aktif","Sawah","","822","Moerachnah Ngari");
INSERT INTO asset VALUES("478","2","5","DI","320","0","320","0","Lainnya","-","","","-","-","-","-","Aktif","Tanah Kering","","822","Moerachnah Ngari");
INSERT INTO asset VALUES("479","1","20","SII","4250","0","4250","0","Lainnya","-","","","-","-","-","-","Aktif","Sawah","","823","Moenijati Sarjan");
INSERT INTO asset VALUES("479","2","5","DI","260","0","260","0","Lainnya","-","","","-","-","-","-","Aktif","Tanah Kering","","823","Moenijati Sarjan");
INSERT INTO asset VALUES("480","1","1","SII","3950","0","3950","0","Lainnya","-","","","-","-","-","-","Aktif","Sawah","","824","Djoembari");
INSERT INTO asset VALUES("481","1","40","SII","550","0","550","0","Lainnya","-","","","-","-","-","-","Aktif","Sawah","","825","Istianah bt Dahlan H");
INSERT INTO asset VALUES("481","2","40","SII","5500","0","5500","0","Lainnya","-","","","-","-","-","-","Aktif","Sawah","","825","Istianah bt Dahlan H");
INSERT INTO asset VALUES("482","1","6","DI","120","0","120","0","Lainnya","-","","","-","-","-","-","Aktif","Tanah Kering","","826","Jadi Warti");
INSERT INTO asset VALUES("483","1","6","DI","120","0","120","0","Lainnya","-","","","-","-","-","-","Aktif","Tanah Kering","","827","Kartini Djono");
INSERT INTO asset VALUES("484","1","8","DI","330","0","330","0","Lainnya","-","","","-","-","-","-","Aktif","Tanah Kering","","828","Soepaedah Ngalim");
INSERT INTO asset VALUES("485","1","5","DI","300","0","300","0","Lainnya","-","","","-","-","-","-","Aktif","Tanah Kering","","829","Soenadi Ngalim");
INSERT INTO asset VALUES("485","2","5","DI","140","0","140","0","Lainnya","-","","","-","-","-","-","Aktif","Tanah Kering","","829","Soenadi Ngalim");
INSERT INTO asset VALUES("486","1","6","DI","290","210","290","0","Lainnya","-","","","-","-","-","-","Aktif Sebagian","Tanah Kering","","830","Soemanah Sabidi");
INSERT INTO asset VALUES("487","1","6","DI","1100","0","1100","0","Lainnya","-","","","-","-","-","-","Aktif","Tanah Kering","","831","Satiri Tin");
INSERT INTO asset VALUES("488","1","6","DI","120","430","120","0","Lainnya","-","","","-","-","-","-","Aktif Sebagian","Tanah Kering","","832","Masitah Sokah");
INSERT INTO asset VALUES("489","1","8","DI","320","0","320","0","Lainnya","-","","","-","-","-","-","Aktif","Tanah Kering","","833","Moenfandilan");
INSERT INTO asset VALUES("490","1","8","DI","0","400","0","0","Lainnya","-","","","-","-","-","-","Tidak Aktif","Tanah Kering","","834","Samah Soekaemi");
INSERT INTO asset VALUES("631","2","8","DI","400","0","400","0","Lainnya","-","834","Samah Soekaemi","-","-","-","-","Aktif","Tanah Kering","","976","Mufadillah Kasan");
INSERT INTO asset VALUES("491","1","25","DI","560","0","560","0","Lainnya","-","","","-","-","-","-","Aktif","Tanah Kering","","835","Soetimah Soemono");
INSERT INTO asset VALUES("492","1","26","DI","140","140","140","0","Lainnya","-","","","-","-","-","-","Aktif Sebagian","Tanah Kering","","836","Sani Sarto");
INSERT INTO asset VALUES("802","1","26","DI","140","0","140","0","Lainnya","-","836","Sani Sarto","-","-","-","-","Aktif","Tanah Kering","","1160","Slamet Sakdiyah");
INSERT INTO asset VALUES("493","1","25","DI","950","0","950","0","Lainnya","-","","","-","-","-","-","Aktif","Tanah Kering","","837","Satari Jami");
INSERT INTO asset VALUES("494","1","19","DI","220","0","220","0","Lainnya","-","","","-","-","-","-","Aktif","Tanah Kering","","838","Soegondo Jatmi");
INSERT INTO asset VALUES("494","2","19","DI","140","0","140","0","Lainnya","-","","","-","-","-","-","Aktif","Tanah Kering","","838","Soegondo Jatmi");
INSERT INTO asset VALUES("494","3","19","DI","110","0","110","0","Lainnya","-","","","-","-","-","-","Aktif","Tanah Kering","","838","Soegondo Jatmi");
INSERT INTO asset VALUES("495","1","19","DI","170","0","170","0","Lainnya","-","","","-","-","-","-","Aktif","Tanah Kering","","839","Temi Jatmi");
INSERT INTO asset VALUES("495","2","19","DI","150","0","150","0","Lainnya","-","","","-","-","-","-","Aktif","Tanah Kering","","839","Temi Jatmi");
INSERT INTO asset VALUES("496","1","5","DI","0","300","0","0","Lainnya","-","","","-","-","-","-","Tidak Aktif","Tanah Kering","","840","Danoeri Moenaroh");
INSERT INTO asset VALUES("496","2","5","DI","0","400","0","0","Lainnya","-","","","-","-","-","-","Tidak Aktif","Tanah Kering","","840","Danoeri Moenaroh");
INSERT INTO asset VALUES("816","1","5","DI","300","0","300","0","Lainnya","-","840","Danoeri Moenaroh","-","-","-","-","Aktif","Tanah Kering","","1175","Sri H Mashuri");
INSERT INTO asset VALUES("816","2","5","DI","400","0","400","0","Lainnya","-","840","Danoeri Moenaroh","-","-","-","-","Aktif","Tanah Kering","","1175","Sri H Mashuri");
INSERT INTO asset VALUES("497","1","1","SII","3800","0","3800","0","Lainnya","-","","","-","-","-","-","Aktif","Sawah","","841","Bero Kastoebi");
INSERT INTO asset VALUES("498","1","6","DI","300","0","300","0","Lainnya","-","","","-","-","-","-","Aktif","Tanah Kering","","842","Nahtim Soekaemi");
INSERT INTO asset VALUES("498","2","6","DI","280","0","280","0","Lainnya","-","","","-","-","-","-","Aktif","Tanah Kering","","842","Nahtim Soekaemi");
INSERT INTO asset VALUES("499","1","19","DI","400","0","400","0","Lainnya","-","","","-","-","-","-","Aktif","Tanah Kering","","843","Rahmad Saijah");
INSERT INTO asset VALUES("499","2","21","DII","450","0","450","0","Lainnya","-","","","-","-","-","-","Aktif","Tanah Kering","","843","Rahmad Saijah");
INSERT INTO asset VALUES("499","3","21","DII","250","0","250","0","Lainnya","-","","","-","-","-","-","Aktif","Tanah Kering","","843","Rahmad Saijah");
INSERT INTO asset VALUES("499","4","21","DII","110","0","110","0","Lainnya","-","","","-","-","-","-","Aktif","Tanah Kering","","843","Rahmad Saijah");
INSERT INTO asset VALUES("500","1","60","DI","0","600","0","0","Lainnya","-","","","-","-","-","-","Tidak Aktif","Tanah Kering","","844","Karsinah Somosoekar");
INSERT INTO asset VALUES("500","2","60","DI","0","700","0","0","Lainnya","-","","","-","-","-","-","Tidak Aktif","Tanah Kering","","844","Karsinah Somosoekar");
INSERT INTO asset VALUES("584","1","60","DI","600","0","600","0","Lainnya","-","844","Karsinah Somosoekar","-","-","-","-","Aktif","Tanah Kering","","928","Suyono Sardan");
INSERT INTO asset VALUES("585","1","60","DI","700","0","700","0","Lainnya","-","844","Karsinah Somosoekar","-","-","-","-","Aktif","Tanah Kering","","929","Kasmah Slamet");
INSERT INTO asset VALUES("501","1","61A","DI","560","0","560","0","Lainnya","-","","","-","-","-","-","Aktif","Tanah Kering","","845","Sajoe Soejati");
INSERT INTO asset VALUES("502","1","25","DI","280","0","280","0","Lainnya","-","","","-","-","-","-","Aktif","Tanah Kering","","846","Mohamad Ngatmi");
INSERT INTO asset VALUES("503","1","49","DI","1000","0","1000","0","Lainnya","-","","","-","-","-","-","Aktif","Tanah Kering","","847","Moesirah Senam");
INSERT INTO asset VALUES("504","1","60","DI","600","0","600","0","Lainnya","-","","","-","-","-","-","Aktif","Tanah Kering","","848","Wiski Senan");
INSERT INTO asset VALUES("505","1","61C","SIV","320","0","320","0","Lainnya","-","","","-","-","-","-","Aktif","Sawah","","849","Djatmi Senan");
INSERT INTO asset VALUES("505","2","61C","SIV","320","0","320","0","Lainnya","-","","","-","-","-","-","Aktif","Sawah","","849","Djatmi Senan");
INSERT INTO asset VALUES("506","1","30","SII","4450","0","4450","0","Lainnya","-","","","-","-","-","-","Aktif","Sawah","","850","Warman Sedan");
INSERT INTO asset VALUES("507","1","25","DI","155","105","155","0","Lainnya","-","","","-","-","-","-","Aktif Sebagian","Tanah Kering","","851","Senah Karman");
INSERT INTO asset VALUES("508","1","25","DI","160","0","160","0","Lainnya","-","","","-","-","-","-","Aktif","Tanah Kering","","852","Bari Mis");
INSERT INTO asset VALUES("509","1","21","DII","110","0","110","0","Lainnya","-","","","-","-","-","-","Aktif","Tanah Kering","","853","Soekarti Rasin");
INSERT INTO asset VALUES("510","1","61A","DI","650","700","650","0","Lainnya","-","","","-","-","-","-","Aktif Sebagian","Tanah Kering","","854","Soemiati ");
INSERT INTO asset VALUES("582","1","61A","DI","700","0","700","0","Lainnya","-","854","Soemiati ","-","-","-","-","Aktif","Tanah Kering","","926","Sulasni Padi");
INSERT INTO asset VALUES("511","1","61A","DI","900","0","900","0","Lainnya","-","","","-","-","-","-","Aktif","Tanah Kering","","855","Sarman Roe");
INSERT INTO asset VALUES("512","1","35","DI","140","0","140","0","Lainnya","-","","","-","-","-","-","Aktif","Tanah Kering","","856","Ngarsi Keman");
INSERT INTO asset VALUES("513","1","60","DI","380","0","380","0","Lainnya","-","","","-","-","-","-","Aktif","Tanah Kering","","857","Karsiah Saeri");
INSERT INTO asset VALUES("514","1","50A","DI","690","0","690","0","Lainnya","-","","","-","-","-","-","Aktif","Tanah Kering","","858","Sonah Kastawi");
INSERT INTO asset VALUES("515","1","50A","DI","480","0","480","0","Lainnya","-","","","-","-","-","-","Aktif","Tanah Kering","","859","Soetiah");
INSERT INTO asset VALUES("516","1","61A","DI","800","0","800","0","Lainnya","-","","","-","-","-","-","Aktif","Tanah Kering","","860","Karsinan Sarto");
INSERT INTO asset VALUES("517","1","8","DI","160","0","160","0","Lainnya","-","","","-","-","-","-","Aktif","Tanah Kering","","861","Sanoeri Sajat");
INSERT INTO asset VALUES("518","1","6","DI","538","112","538","0","Lainnya","-","","","-","-","-","-","Aktif Sebagian","Tanah Kering","","862","Soepadi Poeah");
INSERT INTO asset VALUES("519","1","5","DI","300","0","300","0","Lainnya","-","","","-","-","-","-","Aktif","Tanah Kering","","863","Haror");
INSERT INTO asset VALUES("520","1","8","DI","1500","0","1500","0","Lainnya","-","","","-","-","-","-","Aktif","Tanah Kering","","864","Alpijah Samsoeri");
INSERT INTO asset VALUES("521","1","6","DI","320","0","320","0","Lainnya","-","","","-","-","-","-","Aktif","Tanah Kering","","865","Djoeremi Rasmi");
INSERT INTO asset VALUES("234","1","6","DI","190","0","190","0","Lainnya","-","","","-","-","-","-","Aktif","Tanah Kering","","499","Rasmi b Djakarijah");
INSERT INTO asset VALUES("522","1","6","DI","320","0","320","0","Lainnya","-","","","-","-","-","-","Aktif","Tanah Kering","","866","Alman Sop");
INSERT INTO asset VALUES("523","1","25B","SII","6300","0","6300","0","Lainnya","-","","","-","-","-","-","Aktif","Sawah","","867","Siti Ngaisah Djasman");
INSERT INTO asset VALUES("165","1","29","SII","5000","0","5000","0","Lainnya","-","","","-","-","-","-","Aktif","Sawah","","389","Samito Warso");
INSERT INTO asset VALUES("165","2","54A","DI","0","150","0","0","Lainnya","-","","","-","-","-","-","Tidak Aktif","Tanah Kering","","389","Samito Warso");
INSERT INTO asset VALUES("165","3","54A","DI","0","400","0","0","Lainnya","-","","","-","-","-","-","Tidak Aktif","Tanah Kering","","389","Samito Warso");
INSERT INTO asset VALUES("165","4","59","DI","0","150","0","0","Lainnya","-","","","-","-","-","-","Tidak Aktif","Tanah Kering","","389","Samito Warso");
INSERT INTO asset VALUES("165","5","63","DI","150","0","150","0","Lainnya","-","","","-","-","-","-","Aktif","Tanah Kering","","389","Samito Warso");
INSERT INTO asset VALUES("706","1","54A","DI","450","0","450","0","Lainnya","1986","389","Samito Warso","-","-","-","-","Aktif","Tanah Kering","","1053","Biat Semito");
INSERT INTO asset VALUES("707","1","54A","DI","150","0","150","0","Lainnya","1986","389","Samito Warso","-","-","-","-","Aktif","Tanah Kering","","1054","Jumik bt Semito");
INSERT INTO asset VALUES("524","2","54A","DI","400","0","400","0","Lainnya","-","389","Samito Warso","-","-","-","-","Aktif","Tanah Kering","","868","Kardan Soeminah");
INSERT INTO asset VALUES("524","3","59","DI","150","0","150","0","Lainnya","-","389","Samito Warso","-","-","-","-","Aktif","Tanah Kering","","868","Kardan Soeminah");
INSERT INTO asset VALUES("524","4","50A","DI","130","0","130","0","Lainnya","-","","","-","-","-","-","Aktif","Tanah Kering","","868","Kardan Soeminah");
INSERT INTO asset VALUES("526","1","58","DI","100","0","100","0","Lainnya","-","","","-","-","-","-","Aktif","Tanah Kering","","870","Abrori Soedjinah");
INSERT INTO asset VALUES("527","1","52B","SII","1820","0","1820","0","Lainnya","-","","","-","-","-","-","Aktif","Sawah","","871","Ahmad Oesman H");
INSERT INTO asset VALUES("528","1","52B","SII","1830","0","1830","0","Lainnya","-","","","-","-","-","-","Aktif","Sawah","","872","Laeni Oesman H");
INSERT INTO asset VALUES("529","1","60","DI","420","0","420","0","Lainnya","-","","","-","-","-","-","Aktif","Tanah Kering","","873","Koendari Sani");
INSERT INTO asset VALUES("530","1","6","DI","180","0","180","0","Lainnya","-","","","-","-","-","-","Aktif","Tanah Kering","","874","Tohari");
INSERT INTO asset VALUES("530","2","6","DI","180","0","180","0","Lainnya","-","","","-","-","-","-","Aktif","Tanah Kering","","874","Tohari");
INSERT INTO asset VALUES("531","1","6","DI","0","180","0","0","Lainnya","-","","","-","-","-","-","Tidak Aktif","Tanah Kering","","875","Soepari");
INSERT INTO asset VALUES("741","1","6","DI","180","0","180","0","Lainnya","1987","875","Soepari","-","-","-","-","Aktif","Tanah Kering","","1089","Karsiyah bt Jayan");
INSERT INTO asset VALUES("532","1","5","DI","400","0","400","0","Lainnya","-","","","-","-","-","-","Aktif","Tanah Kering","","876","Asari Ismail");
INSERT INTO asset VALUES("532","2","5","DI","120","180","120","0","Lainnya","-","","","-","-","-","-","Aktif Sebagian","Tanah Kering","","876","Asari Ismail");
INSERT INTO asset VALUES("641","1","5","DI","180","0","180","0","Lainnya","-","876","Asari Ismail","-","-","-","-","Aktif","Tanah Kering","","986","Salmin Mesir");
INSERT INTO asset VALUES("533","1","8","DI","599","201","599","0","Lainnya","-","","","-","-","-","-","Aktif Sebagian","Tanah Kering","","877","Madoeri Markomah");
INSERT INTO asset VALUES("534","1","45","SIII","400","0","400","0","Lainnya","-","","","-","-","-","-","Aktif","Sawah","","878","Benah Semito");
INSERT INTO asset VALUES("535","1","52B","SII","0","1700","0","0","Lainnya","-","","","-","-","-","-","Tidak Aktif","Sawah","","879","Roemiati Karno");
INSERT INTO asset VALUES("535","2","37","DI","50","0","50","0","Lainnya","-","","","-","-","-","-","Aktif","Tanah Kering","","879","Roemiati Karno");
INSERT INTO asset VALUES("861","1","52B","SII","1700","0","1700","0","Lainnya","-","879","Roemiati Karno","-","-","-","-","Aktif","Sawah","","1235","Wargono");
INSERT INTO asset VALUES("536","1","20","SII","5700","0","5700","0","Lainnya","-","","","-","-","-","-","Aktif","Sawah","","880","Soekono Slamet");
INSERT INTO asset VALUES("536","2","2","DII","0","200","0","0","Lainnya","-","","","-","-","-","-","Tidak Aktif","Tanah Kering","","880","Soekono Slamet");
INSERT INTO asset VALUES("735","1","2","DII","200","0","200","0","Lainnya","1987","880","Soekono Slamet","-","-","-","-","Aktif","Tanah Kering","","1083","Ngari Sopyan");
INSERT INTO asset VALUES("537","1","30","SII","1550","0","1550","0","Lainnya","-","","","-","-","-","-","Aktif","Sawah","","881","soemari H Asmawi");
INSERT INTO asset VALUES("537","2","38","SIII","2950","0","2950","0","Lainnya","-","","","-","-","-","-","Aktif","Sawah","","881","soemari H Asmawi");
INSERT INTO asset VALUES("538","1","19","DI","87","313","87","0","Lainnya","-","","","-","-","-","-","Aktif Sebagian","Tanah Kering","","882","Sakoewan Noekmi");
INSERT INTO asset VALUES("539","1","54A","DI","914","336","914","0","Lainnya","-","","","-","-","-","-","Aktif Sebagian","Tanah Kering","","883","Tarbani Soemantri");
INSERT INTO asset VALUES("540","1","29","SII","4450","0","4450","0","Lainnya","-","","","-","-","-","-","Aktif","Sawah","","884","Soeparmi");
INSERT INTO asset VALUES("541","1","30","SII","3750","0","3750","0","Lainnya","-","","","-","-","-","-","Aktif","Sawah","","885","Sarwin");
INSERT INTO asset VALUES("542","1","13A","SII","4800","0","4800","0","Lainnya","-","","","-","-","-","-","Aktif","Sawah","","886","Siti Maemonah");
INSERT INTO asset VALUES("543","1","29","SII","4950","0","4950","0","Lainnya","-","","","-","-","-","-","Aktif","Sawah","","887","Ilijas H b Kas");
INSERT INTO asset VALUES("544","1","41","DI","500","0","500","0","Lainnya","-","","","-","-","-","-","Aktif","Tanah Kering","","888","Kaeri Somoredjo");
INSERT INTO asset VALUES("545","1","30","SII","2050","0","2050","0","Lainnya","-","","","-","-","-","-","Aktif","Sawah","","889","Djoeminah Kasmani");
INSERT INTO asset VALUES("546","1","30","SII","2050","0","2050","0","Lainnya","-","","","-","-","-","-","Aktif","Sawah","","890","Ratmi Kasmani");
INSERT INTO asset VALUES("547","1","61A","DI","1650","0","1650","0","Lainnya","-","","","-","-","-","-","Aktif","Tanah Kering","","891","Romadhon b Kali");
INSERT INTO asset VALUES("547","2","61B","DII","600","0","600","0","Lainnya","-","","","-","-","-","-","Aktif","Tanah Kering","","891","Romadhon b Kali");
INSERT INTO asset VALUES("547","3","61B","DII","950","0","950","0","Lainnya","-","","","-","-","-","-","Aktif","Tanah Kering","","891","Romadhon b Kali");
INSERT INTO asset VALUES("548","1","9","SII","1820","1830","1820","0","Lainnya","-","","","-","-","-","-","Aktif Sebagian","Sawah","","892","Sadjat Samsoeri");
INSERT INTO asset VALUES("548","2","8","DI","530","220","530","0","Lainnya","-","","","-","-","-","-","Aktif Sebagian","Tanah Kering","","892","Sadjat Samsoeri");
INSERT INTO asset VALUES("724","1","9","SII","1830","0","1830","0","Lainnya","1986","892","Sadjat Samsoeri","-","-","-","-","Aktif","Sawah","","1070","Ariyah H Asari");
INSERT INTO asset VALUES("726","1","8","DI","210","0","210","0","Lainnya","1986","892","Sadjat Samsoeri","-","-","-","-","Aktif","Tanah Kering","","1072","Nasori / Sakdiyah");
INSERT INTO asset VALUES("727","1","8","DI","540","0","540","0","Lainnya","1986","892","Sadjat Samsoeri","-","-","-","-","Aktif","Tanah Kering","","1073","Sochali");
INSERT INTO asset VALUES("779","1","8","DI","220","0","220","0","Lainnya","1989","892","Sadjat Samsoeri","-","-","-","-","Aktif","Tanah Kering","","1132","Basri Sadjad");
INSERT INTO asset VALUES("549","1","58","DI","0","160","0","0","Lainnya","-","","","-","-","-","-","Tidak Aktif","Tanah Kering","","893","Djaeri");
INSERT INTO asset VALUES("693","1","58","DI","35","125","35","0","Lainnya","-","893","Djaeri","-","-","-","-","Aktif Sebagian","Tanah Kering","","1039","Gunadi Kahar");
INSERT INTO asset VALUES("550","1","2","DII","300","0","300","0","Lainnya","-","","","-","-","-","-","Aktif","Tanah Kering","","894","Soekri Slamet");
INSERT INTO asset VALUES("551","1","60","DI","270","0","270","0","Lainnya","-","","","-","-","-","-","Aktif","Tanah Kering","","895","Soetilah Ismail H");
INSERT INTO asset VALUES("552","1","20","SII","9450","0","9450","0","Lainnya","-","","","-","-","-","-","Aktif","Sawah","","896","Moesafak Ratus");
INSERT INTO asset VALUES("553","1","63","DI","0","500","0","0","Lainnya","-","","","-","-","-","-","Tidak Aktif","Tanah Kering","","897","Ngasimah");
INSERT INTO asset VALUES("554","1","13A","SII","0","5000","0","0","Lainnya","-","","","-","-","-","-","Tidak Aktif","Sawah","","898","Saoed b Sarmo");
INSERT INTO asset VALUES("654","1","13A","SII","5000","0","5000","0","Lainnya","-","898","Saoed b Sarmo","-","-","-","-","Aktif","Sawah","","998","Ansyori Bero");
INSERT INTO asset VALUES("555","1","61A","DI","240","0","240","0","Lainnya","-","","","-","-","-","-","Aktif","Tanah Kering","","899","Soekar Senijah");
INSERT INTO asset VALUES("556","1","25","DI","500","0","500","0","Lainnya","-","","","-","-","-","-","Aktif","Tanah Kering","","900","Soetrisno Lasmi");
INSERT INTO asset VALUES("557","1","50A","DI","270","0","270","0","Lainnya","-","","","-","-","-","-","Aktif","Tanah Kering","","901","Ngaswan Roetiah");
INSERT INTO asset VALUES("558","1","26","DI","250","0","250","0","Lainnya","-","","","-","-","-","-","Aktif","Tanah Kering","","902","Koesdi Oemi");
INSERT INTO asset VALUES("559","1","2","DII","0","840","0","0","Lainnya","-","","","-","-","-","-","Tidak Aktif","Tanah Kering","","903","Padli Jasir");
INSERT INTO asset VALUES("630","1","2","DII","840","0","840","0","Lainnya","-","903","Padli Jasir","-","-","-","-","Aktif","Tanah Kering","","975","Kaelani Mastur");
INSERT INTO asset VALUES("560","1","2","DII","90","0","90","0","Lainnya","-","","","-","-","-","-","Aktif","Tanah Kering","","904","Semi Siroen");
INSERT INTO asset VALUES("561","1","6","DI","320","0","320","0","Lainnya","-","","","-","-","-","-","Aktif","Tanah Kering","","905","Moearoh b Sadjat");
INSERT INTO asset VALUES("562","1","19","DI","200","0","200","0","Lainnya","-","","","-","-","-","-","Aktif","Tanah Kering","","906","Sabari Merto");
INSERT INTO asset VALUES("562","2","19","DI","50","350","50","0","Lainnya","-","","","-","-","-","-","Aktif Sebagian","Tanah Kering","","906","Sabari Merto");
INSERT INTO asset VALUES("563","1","26","DI","120","0","120","0","Lainnya","-","","","-","-","-","-","Aktif","Tanah Kering","","907","Karjani Kasiran");
INSERT INTO asset VALUES("564","1","43","SIII","1300","0","1300","0","Lainnya","-","","","-","-","-","-","Aktif","Sawah","","908","Kabri Somoredjo");
INSERT INTO asset VALUES("565","1","66","DI","120","0","120","0","Lainnya","-","","","-","-","-","-","Aktif","Tanah Kering","","909","Satmi");
INSERT INTO asset VALUES("566","4","52","SII","4100","0","4100","0","Lainnya","-","","","-","-","-","-","Aktif","Sawah","","910","Soetikno");
INSERT INTO asset VALUES("567","1","52B","SII","4750","0","4750","0","Lainnya","-","","","-","-","-","-","Aktif","Sawah","","911","Soemi");
INSERT INTO asset VALUES("568","1","53B","DI","1403","147","1403","0","Lainnya","-","","","-","-","-","-","Aktif Sebagian","Tanah Kering","","912","Sukiyah Kayid");
INSERT INTO asset VALUES("568","2","53A","DI","300","0","300","0","Lainnya","-","","","-","-","-","-","Aktif","Tanah Kering","","912","Sukiyah Kayid");
INSERT INTO asset VALUES("570","1","25","DI","160","240","160","0","Lainnya","-","","","-","-","-","-","Aktif Sebagian","Tanah Kering","","914","Rochman Mastoer");
INSERT INTO asset VALUES("570","2","25","DI","250","0","250","0","Lainnya","-","","","-","-","-","-","Aktif","Tanah Kering","","914","Rochman Mastoer");
INSERT INTO asset VALUES("570","3","25","DI","200","0","200","0","Lainnya","-","","","-","-","-","-","Aktif","Tanah Kering","","914","Rochman Mastoer");
INSERT INTO asset VALUES("852","1","25","DI","240","0","240","0","Lainnya","-","914","Rochman Mastoer","-","-","-","-","Aktif","Tanah Kering","","1189","Sujoko");
INSERT INTO asset VALUES("571","1","45","SIII","0","3400","0","0","Lainnya","-","","","-","-","-","-","Tidak Aktif","Sawah","","915","Pindriyati");
INSERT INTO asset VALUES("571","2","45","SIII","0","440","0","0","Lainnya","-","","","-","-","-","-","Tidak Aktif","Sawah","","915","Pindriyati");
INSERT INTO asset VALUES("786","1","45","SIII","440","0","440","0","Lainnya","-","915","Pindriyati","-","-","-","-","Aktif","Sawah","","1142","Sonah Kastawi");
INSERT INTO asset VALUES("572","1","24","DI","370","0","370","0","Lainnya","-","","","-","-","-","-","Aktif","Tanah Kering","","916","Moehyoesro");
INSERT INTO asset VALUES("573","1","25","DI","0","420","0","0","Lainnya","-","","","-","-","-","-","Tidak Aktif","Tanah Kering","","917","Soeharyatin");
INSERT INTO asset VALUES("804","1","25","DI","420","0","420","0","Lainnya","-","917","Soeharyatin","-","-","-","-","Aktif","Tanah Kering","","1162","Mulyadi Karto");
INSERT INTO asset VALUES("801","1","26","DI","300","0","300","0","Lainnya","-","918","Semi bt Samat","-","-","-","-","Aktif","Tanah Kering","","1159","Seni Slamet");
INSERT INTO asset VALUES("801","2","26","DI","140","0","140","0","Lainnya","-","919","Suki bt Suwarno","-","-","-","-","Aktif","Tanah Kering","","1159","Seni Slamet");
INSERT INTO asset VALUES("200","1","25","DI","120","0","120","0","Lainnya","-","","","-","-","-","-","Aktif","Tanah Kering","","444","Dasmoei Nawi");
INSERT INTO asset VALUES("200","2","25","DI","0","230","0","0","Lainnya","-","","","-","-","-","-","Tidak Aktif","Tanah Kering","","444","Dasmoei Nawi");
INSERT INTO asset VALUES("200","3","25","DI","0","640","0","0","Lainnya","-","","","-","-","-","-","Tidak Aktif","Tanah Kering","","444","Dasmoei Nawi");
INSERT INTO asset VALUES("605","1","25","DI","230","0","230","0","Lainnya","-","444","Dasmoei Nawi","-","-","-","-","Aktif","Tanah Kering","","949","Suniti b Djono");
INSERT INTO asset VALUES("695","1","35","DI","210","0","210","0","Lainnya","-","245","Soelimah b Mito","-","-","-","-","Aktif","Tanah Kering","","1041","Supar Ruminingsih");
INSERT INTO asset VALUES("590","1","25","DI","15","635","15","0","Lainnya","-","444","Dasmoei Nawi","-","-","-","-","Aktif Sebagian","Tanah Kering","","934","Jambari Dasmui");
INSERT INTO asset VALUES("591","1","25","DI","640","0","640","0","Lainnya","-","444","Dasmoei Nawi","-","-","-","-","Aktif","Tanah Kering","","935","Sriah Dasmui");
INSERT INTO asset VALUES("608","2","25","DI","230","0","230","0","Lainnya","-","245","Soelimah b Mito","-","-","-","-","Aktif","Tanah Kering","","952","Mohamad Yunus bt Harman");
INSERT INTO asset VALUES("163","1","52B","SII","5550","0","5550","0","Lainnya","-","","","-","-","-","-","Aktif","Sawah","","387","Boenawi Samin");
INSERT INTO asset VALUES("163","2","52B","SII","1100","0","1100","0","Lainnya","-","","","-","-","-","-","Aktif","Sawah","","387","Boenawi Samin");
INSERT INTO asset VALUES("163","3","61C","SIV","300","0","300","0","Lainnya","-","","","-","-","-","-","Aktif","Sawah","","387","Boenawi Samin");
INSERT INTO asset VALUES("163","4","53A","DI","1550","0","1550","0","Lainnya","-","","","-","-","-","-","Aktif","Tanah Kering","","387","Boenawi Samin");
INSERT INTO asset VALUES("163","5","54A","DI","260","340","260","0","Lainnya","-","","","-","-","-","-","Aktif Sebagian","Tanah Kering","","387","Boenawi Samin");
INSERT INTO asset VALUES("163","6","54A","DI","200","0","200","0","Lainnya","-","","","-","-","-","-","Aktif","Tanah Kering","","387","Boenawi Samin");
INSERT INTO asset VALUES("163","7","54A","DI","140","0","140","0","Lainnya","-","","","-","-","-","-","Aktif","Tanah Kering","","387","Boenawi Samin");
INSERT INTO asset VALUES("618","1","54A","DI","340","0","340","0","Lainnya","-","387","Boenawi Samin","-","-","-","-","Aktif","Tanah Kering","","962","Karman b Manroji");
INSERT INTO asset VALUES("178","1","2","DII","180","240","180","0","Lainnya","-","","","-","-","-","-","Aktif Sebagian","Tanah Kering","","412","Amat Sarip");
INSERT INTO asset VALUES("178","2","2","DII","150","0","150","0","Lainnya","-","","","-","-","-","-","Aktif","Tanah Kering","","412","Amat Sarip");
INSERT INTO asset VALUES("620","1","2","DII","240","0","240","0","Lainnya","-","412","Amat Sarip","-","-","-","-","Aktif","Tanah Kering","","964","Ngasmi bt Amatsarip");
INSERT INTO asset VALUES("349","1","60","DI","910","190","910","0","Lainnya","-","","","-","-","-","-","Aktif Sebagian","Tanah Kering","","676","Sarto Sajam");
INSERT INTO asset VALUES("621","2","60","DI","450","0","450","0","Lainnya","-","676","Sarto Sajam","-","-","-","-","Aktif","Tanah Kering","","965","Sukar b Sarto");
INSERT INTO asset VALUES("194","1","58","DI","0","120","0","0","Lainnya","-","","","-","-","-","-","Tidak Aktif","Tanah Kering","","435","Roekijah b Rasman");
INSERT INTO asset VALUES("622","1","58","DI","0","120","0","0","Lainnya","-","435","Roekijah b Rasman","-","-","-","-","Tidak Aktif","Tanah Kering","","966","Siti Khamin");
INSERT INTO asset VALUES("44","1","49","DI","10","380","10","0","Lainnya","-","","","-","-","-","-","Aktif Sebagian","Tanah Kering","","106","Kemin Pawiro");
INSERT INTO asset VALUES("44","2","63","DI","500","0","500","0","Lainnya","-","","","-","-","-","-","Aktif","Tanah Kering","","106","Kemin Pawiro");
INSERT INTO asset VALUES("624","1","49","DI","380","0","380","0","Lainnya","-","106","Kemin Pawiro","-","-","-","-","Aktif","Tanah Kering","","968","Sukono b Samin");
INSERT INTO asset VALUES("662","1","49","DI","376","354","376","0","Lainnya","-","106","Kemin Pawiro","-","-","-","-","Aktif Sebagian","Tanah Kering","","1007","Ngasin Saki");
INSERT INTO asset VALUES("663","1","49","DI","450","0","450","0","Lainnya","-","106","Kemin Pawiro","-","-","-","-","Aktif","Tanah Kering","","1008","Dariyah Tarmi");
INSERT INTO asset VALUES("845","1","49","DI","380","0","380","0","Jual Beli","1990","106","Kemin Pawiro","-","-","-","-","Aktif","Tanah Kering","","1208","Sutris Darwadi");
INSERT INTO asset VALUES("525","1","45","SIII","0","1360","0","0","Lainnya","-","","","-","-","-","-","Tidak Aktif","Sawah","","869","Rawen Senin");
INSERT INTO asset VALUES("525","2","42","DII","700","300","700","0","Lainnya","-","","","-","-","-","-","Aktif Sebagian","Tanah Kering","","869","Rawen Senin");
INSERT INTO asset VALUES("626","1","45","SIII","1360","0","1360","0","Lainnya","-","869","Rawen Senin","-","-","-","-","Aktif","Sawah","","970","Sonah bt Kastawi");
INSERT INTO asset VALUES("807","1","42","DII","300","0","300","0","Lainnya","-","869","Rawen Senin","-","-","-","-","Aktif","Tanah Kering","","1165","Suti Tarjo");
INSERT INTO asset VALUES("626","2","45","SIII","0","3400","0","0","Lainnya","-","915","Pindriyati","-","-","-","-","Tidak Aktif","Sawah","","970","Sonah bt Kastawi");
INSERT INTO asset VALUES("525","3","45","SIII","0","340","0","0","Lainnya","-","970","Sonah bt Kastawi","-","-","-","-","Tidak Aktif","Sawah","","869","Rawen Senin");
INSERT INTO asset VALUES("72","1","1","SII","0","2130","0","0","Lainnya","-","","","-","-","-","-","Tidak Aktif","Sawah","","180","Reban Doelgani");
INSERT INTO asset VALUES("72","2","2","DII","0","120","0","0","Lainnya","-","","","-","-","-","-","Tidak Aktif","Tanah Kering","","180","Reban Doelgani");
INSERT INTO asset VALUES("628","1","1","SII","2120","0","2120","0","Lainnya","-","180","Reban Doelgani","-","-","-","-","Aktif","Sawah","","972","Nastiah bt Reban");
INSERT INTO asset VALUES("775","2","2","DII","120","0","120","0","Lainnya","1987","180","Reban Doelgani","-","-","-","-","Aktif","Tanah Kering","","1127","Ekromi");
INSERT INTO asset VALUES("628","2","2","DII","130","0","130","0","Lainnya","-","180","Reban Doelgani","-","-","-","-","Aktif","Tanah Kering","","972","Nastiah bt Reban");
INSERT INTO asset VALUES("632","1","6","DI","210","0","210","0","Lainnya","-","830","Soemanah Sabidi","-","-","-","-","Aktif","Tanah Kering","","977","Sinom bt H Dulsalam");
INSERT INTO asset VALUES("633","2","7","DI","350","0","350","0","Lainnya","-","133","Marsam Djajoes","-","-","-","-","Aktif","Tanah Kering","","978","Maehmud Masud");
INSERT INTO asset VALUES("309","1","5","DI","1300","0","1300","0","Lainnya","-","","","-","-","-","-","Aktif","Tanah Kering","","628","Soetimah b Samsoeri");
INSERT INTO asset VALUES("309","2","6","DI","300","300","300","0","Lainnya","-","","","-","-","-","-","Aktif Sebagian","Tanah Kering","","628","Soetimah b Samsoeri");
INSERT INTO asset VALUES("309","3","8","DI","1400","0","1400","0","Lainnya","-","","","-","-","-","-","Aktif","Tanah Kering","","628","Soetimah b Samsoeri");
INSERT INTO asset VALUES("639","1","6","DI","300","0","300","0","Lainnya","-","628","Soetimah b Samsoeri","-","-","-","-","Aktif","Tanah Kering","","984","Sunaryah bt Sukemi");
INSERT INTO asset VALUES("77","2","19","DI","420","0","420","0","Lainnya","-","","","-","-","-","-","Aktif","Tanah Kering","","191","Roebini b Kardjono");
INSERT INTO asset VALUES("643","1","13A","SII","0","1960","0","0","Lainnya","-","191","Roebini b Kardjono","-","-","-","-","Tidak Aktif","Sawah","","988","Karmi Pardi");
INSERT INTO asset VALUES("644","1","8","DI","210","140","210","0","Lainnya","-","214","Sardi b Kasan","-","-","-","-","Aktif Sebagian","Tanah Kering","","999","Sakroni Kamin");
INSERT INTO asset VALUES("648","1","12","SII","1500","0","1500","0","Lainnya","-","533","Moemjati b djalal","-","-","-","-","Aktif","Sawah","","993","Badriyah Sinuwan");
INSERT INTO asset VALUES("649","1","12","SII","1500","0","1500","0","Lainnya","-","533","Moemjati b djalal","-","-","-","-","Aktif","Sawah","","994","Djayus Yasin");
INSERT INTO asset VALUES("650","1","12","SII","0","750","0","0","Lainnya","-","533","Moemjati b djalal","-","-","-","-","Tidak Aktif","Sawah","","992","Bedjo Mesir");
INSERT INTO asset VALUES("651","3","12","SII","1500","0","1500","0","Lainnya","-","533","Moemjati b djalal","-","-","-","-","Aktif","Sawah","","995","Muji Somo");
INSERT INTO asset VALUES("46","1","27","SIII","0","3120","0","0","Lainnya","-","","","-","-","-","-","Tidak Aktif","Sawah","","116","Moeksin Sapawi");
INSERT INTO asset VALUES("46","2","25","DI","0","370","0","0","Lainnya","-","","","-","-","-","-","Tidak Aktif","Tanah Kering","","116","Moeksin Sapawi");
INSERT INTO asset VALUES("656","1","27","SIII","3130","0","3130","0","Lainnya","-","116","Moeksin Sapawi","-","-","-","-","Aktif","Sawah","","1001","Suamat b Samijan");
INSERT INTO asset VALUES("657","1","27","SIII","3120","0","3120","0","Lainnya","-","116","Moeksin Sapawi","-","-","-","-","Aktif","Sawah","","1002","Karyadi Surati");
INSERT INTO asset VALUES("798","1","25","DI","370","0","370","0","Lainnya","-","116","Moeksin Sapawi","-","-","-","-","Aktif","Tanah Kering","","1156","Marni Karyani");
INSERT INTO asset VALUES("204","1","38","SIII","4550","0","4550","0","Lainnya","-","","","-","-","-","-","Aktif","Sawah","","449","Soekar Samoredjo");
INSERT INTO asset VALUES("204","2","42","DII","250","0","250","0","Lainnya","-","","","-","-","-","-","Aktif","Tanah Kering","","449","Soekar Samoredjo");
INSERT INTO asset VALUES("230","1","51","DI","10","410","10","0","Lainnya","-","","","-","-","-","-","Aktif Sebagian","Tanah Kering","","494","Djoewarijah b Redjo");
INSERT INTO asset VALUES("230","2","63","DI","900","0","900","0","Lainnya","-","","","-","-","-","-","Aktif","Tanah Kering","","494","Djoewarijah b Redjo");
INSERT INTO asset VALUES("658","1","51","DI","420","0","420","0","Lainnya","-","494","Djoewarijah b Redjo","-","-","-","-","Aktif","Tanah Kering","","1003","Rupiah bt Kusan");
INSERT INTO asset VALUES("659","1","51","DI","410","0","410","0","Lainnya","-","494","Djoewarijah b Redjo","-","-","-","-","Aktif","Tanah Kering","","1004","Kusnan Kartiah");
INSERT INTO asset VALUES("660","1","51","DI","410","0","410","0","Lainnya","-","494","Djoewarijah b Redjo","-","-","-","-","Aktif","Tanah Kering","","1005","Abas Siah");
INSERT INTO asset VALUES("67","1","45","SIII","800","0","800","0","Lainnya","-","","","-","-","-","-","Aktif","Sawah","","167","Pingi sardjo");
INSERT INTO asset VALUES("67","2","44","DII","0","470","0","0","Lainnya","-","","","-","-","-","-","Tidak Aktif","Tanah Kering","","167","Pingi sardjo");
INSERT INTO asset VALUES("67","3","44","DII","200","0","200","0","Lainnya","-","","","-","-","-","-","Aktif","Tanah Kering","","167","Pingi sardjo");
INSERT INTO asset VALUES("67","4","44","DII","200","0","200","0","Lainnya","-","","","-","-","-","-","Aktif","Tanah Kering","","167","Pingi sardjo");
INSERT INTO asset VALUES("667","1","44","DII","430","0","430","0","Lainnya","-","167","Pingi sardjo","-","-","-","-","Aktif","Tanah Kering","","1012","Jumini Bt Nasir");
INSERT INTO asset VALUES("721","1","44","DII","450","0","450","0","Lainnya","-","167","Pingi sardjo","-","-","-","-","Aktif","Tanah Kering","","1067","Taswo b Suwan");
INSERT INTO asset VALUES("147","1","38","SIII","4600","0","4600","0","Lainnya","-","","","-","-","-","-","Aktif","Sawah","","350","Warto Djojo");
INSERT INTO asset VALUES("147","2","61","SIV","0","450","0","0","Lainnya","-","","","-","-","-","-","Tidak Aktif","Sawah","","350","Warto Djojo");
INSERT INTO asset VALUES("147","3","41","DI","810","490","810","0","Lainnya","-","","","-","-","-","-","Aktif Sebagian","Tanah Kering","","350","Warto Djojo");
INSERT INTO asset VALUES("147","4","42","DII","600","0","600","0","Lainnya","-","","","-","-","-","-","Aktif","Tanah Kering","","350","Warto Djojo");
INSERT INTO asset VALUES("668","1","41","DI","490","0","490","0","Lainnya","-","350","Warto Djojo","-","-","-","-","Aktif","Tanah Kering","","1013","Warjoyo");
INSERT INTO asset VALUES("672","1","50A","DI","480","0","480","0","Lainnya","-","315","Soemar Redjo","-","-","-","-","Aktif","Tanah Kering","","1017","Diki Fahmi April");
INSERT INTO asset VALUES("82","3","50A","DI","240","600","240","0","Lainnya","-","","","-","-","-","-","Aktif Sebagian","Tanah Kering","","207","Redjo Martoredjo");
INSERT INTO asset VALUES("674","1","50A","DI","600","0","600","0","Lainnya","-","207","Redjo Martoredjo","-","-","-","-","Aktif","Tanah Kering","","1019","Isro b Nurjudi");
INSERT INTO asset VALUES("678","3","49","DI","610","0","610","0","Lainnya","-","242","Soetomo Kasran","-","-","-","-","Aktif","Tanah Kering","","1023","Sukarman Kartoredjo");
INSERT INTO asset VALUES("96","7","49","DI","0","610","0","0","Lainnya","-","","","-","-","-","-","Tidak Aktif","Tanah Kering","","242","Soetomo Kasran");
INSERT INTO asset VALUES("96","5","25","DI","660","280","660","0","Lainnya","-","","","-","-","-","-","Aktif Sebagian","Tanah Kering","","242","Soetomo Kasran");
INSERT INTO asset VALUES("128","1","52A","SI","2100","1050","2100","0","Lainnya","-","","","-","-","-","-","Aktif Sebagian","Sawah","","305","Satini b Soediran");
INSERT INTO asset VALUES("96","6","36","DI","0","480","0","0","Lainnya","-","","","-","-","-","-","Tidak Aktif","Tanah Kering","","242","Soetomo Kasran");
INSERT INTO asset VALUES("96","3","25","DI","850","0","850","0","Lainnya","-","","","-","-","-","-","Aktif","Tanah Kering","","242","Soetomo Kasran");
INSERT INTO asset VALUES("96","4","25","DI","710","0","710","0","Lainnya","-","","","-","-","-","-","Aktif","Tanah Kering","","242","Soetomo Kasran");
INSERT INTO asset VALUES("110","1","29","SII","4950","0","4950","0","Lainnya","-","","","-","-","-","-","Aktif","Sawah","","271","sosanondjo Senan");
INSERT INTO asset VALUES("110","2","35","DI","0","3000","0","0","Lainnya","-","","","-","-","-","-","Tidak Aktif","Tanah Kering","","271","sosanondjo Senan");
INSERT INTO asset VALUES("110","3","49","DI","180","70","180","0","Lainnya","-","","","-","-","-","-","Aktif Sebagian","Tanah Kering","","271","sosanondjo Senan");
INSERT INTO asset VALUES("678","2","49","DI","70","0","70","0","Lainnya","-","271","sosanondjo Senan","-","-","-","-","Aktif","Tanah Kering","","1023","Sukarman Kartoredjo");
INSERT INTO asset VALUES("678","4","36","DI","480","0","480","0","Lainnya","-","242","Soetomo Kasran","-","-","-","-","Aktif","Tanah Kering","","1023","Sukarman Kartoredjo");
INSERT INTO asset VALUES("128","2","55","SIV","700","450","700","0","Lainnya","-","","","-","-","-","-","Aktif Sebagian","Sawah","","305","Satini b Soediran");
INSERT INTO asset VALUES("128","3","54","DI","550","0","550","0","Lainnya","-","","","-","-","-","-","Aktif","Tanah Kering","","305","Satini b Soediran");
INSERT INTO asset VALUES("616","1","52A","SI","1050","0","1050","0","Lainnya","-","305","Satini b Soediran","-","-","-","-","Aktif","Sawah","","960","Sani b Sudiran");
INSERT INTO asset VALUES("682","1","52A","SI","1050","0","1050","0","Lainnya","-","305","Satini b Soediran","-","-","-","-","Aktif","Sawah","","1028","Parni bt Sudiran");
INSERT INTO asset VALUES("683","2","50A","DI","280","0","280","0","Lainnya","-","557","Soekadar Isak","-","-","-","-","Aktif","Tanah Kering","","1029","Rumtiyah");
INSERT INTO asset VALUES("197","1","52B","SII","0","5150","0","0","Lainnya","-","","","-","-","-","-","Tidak Aktif","Sawah","","438","Djoemari Roespan");
INSERT INTO asset VALUES("197","2","57","DI","0","850","0","0","Lainnya","-","","","-","-","-","-","Tidak Aktif","Tanah Kering","","438","Djoemari Roespan");
INSERT INTO asset VALUES("684","1","52B","SII","5150","0","5150","0","Lainnya","-","438","Djoemari Roespan","-","-","-","-","Aktif","Sawah","","1030","Suli Ruspan");
INSERT INTO asset VALUES("684","2","57","DI","850","0","850","0","Lainnya","-","438","Djoemari Roespan","-","-","-","-","Aktif","Tanah Kering","","1030","Suli Ruspan");
INSERT INTO asset VALUES("117","1","29","SII","4500","0","4500","0","Lainnya","-","","","-","-","-","-","Aktif","Sawah","","282","Sedjan Toeriman");
INSERT INTO asset VALUES("117","2","61C","SIV","1190","0","1190","0","Lainnya","-","","","-","-","-","-","Aktif","Sawah","","282","Sedjan Toeriman");
INSERT INTO asset VALUES("117","3","60","DI","1150","0","1150","0","Lainnya","-","","","-","-","-","-","Aktif","Tanah Kering","","282","Sedjan Toeriman");
INSERT INTO asset VALUES("117","4","60","DI","850","0","850","0","Lainnya","-","","","-","-","-","-","Aktif","Tanah Kering","","282","Sedjan Toeriman");
INSERT INTO asset VALUES("117","5","60","DI","390","140","390","0","Lainnya","-","","","-","-","-","-","Aktif Sebagian","Tanah Kering","","282","Sedjan Toeriman");
INSERT INTO asset VALUES("685","1","60","DI","140","0","140","0","Lainnya","-","282","Sedjan Toeriman","-","-","-","-","Aktif","Tanah Kering","","1031","Juriyah Mukri");
INSERT INTO asset VALUES("690","1","12","SII","750","0","750","0","Lainnya","-","992","Bedjo Mesir","-","-","-","-","Aktif","Sawah","","1036","Sutimah bt Semin");
INSERT INTO asset VALUES("689","1","12","SII","750","0","750","0","Lainnya","-","992","Bedjo Mesir","-","-","-","-","Aktif","Sawah","","1035","Jayem bt Semin");
INSERT INTO asset VALUES("691","1","52A","DI","1840","0","1840","0","Lainnya","-","207","Redjo Martoredjo","-","-","-","-","Aktif","Tanah Kering","","1037","Punadi Lastro");
INSERT INTO asset VALUES("692","1","25","DI","280","0","280","0","Lainnya","-","242","Soetomo Kasran","-","-","-","-","Aktif","Tanah Kering","","1038","Ani Suriyah");
INSERT INTO asset VALUES("694","1","25","DI","230","0","230","0","Lainnya","-","444","Dasmoei Nawi","-","-","-","-","Aktif","Tanah Kering","","1040","Sudar");
INSERT INTO asset VALUES("623","1","63","DI","370","130","370","0","Lainnya","-","897","Ngasimah","-","-","-","-","Aktif Sebagian","Tanah Kering","","967","Senawi Kardi");
INSERT INTO asset VALUES("698","1","63","DI","130","0","130","0","Lainnya","-","967","Senawi Kardi","-","-","-","-","Aktif","Tanah Kering","","1044","Senah Yasin");
INSERT INTO asset VALUES("717","2","61A","DI","450","0","450","0","Lainnya","1986","95","Kasmo Kasam","-","-","-","-","Aktif","Tanah Kering","","1063","Sukadi B Kasmo");
INSERT INTO asset VALUES("718","2","61A","DI","180","0","180","0","Lainnya","1986","95","Kasmo Kasam","-","-","-","-","Aktif","Tanah Kering","","1064","Sukiyah bt Kasmo");
INSERT INTO asset VALUES("119","2","52B","SII","0","2880","0","0","Lainnya","-","","","-","-","-","-","Tidak Aktif","Sawah","","285","Sarto Kasah");
INSERT INTO asset VALUES("729","2","52B","SII","2070","0","2070","0","Lainnya","1986","285","Sarto Kasah","-","-","-","-","Aktif","Sawah","","1075","Masro b Sapto");
INSERT INTO asset VALUES("730","2","52B","SII","2880","0","2880","0","Lainnya","1986","285","Sarto Kasah","-","-","-","-","Aktif","Sawah","","1076","Kartono Sarto");
INSERT INTO asset VALUES("731","1","36","DI","250","0","250","0","Lainnya","1986","272","Senah b Redjo","-","-","-","-","Aktif","Tanah Kering","","1077","Rejo Kobro");
INSERT INTO asset VALUES("732","1","36","DI","250","0","250","0","Lainnya","1986","272","Senah b Redjo","-","-","-","-","Aktif","Tanah Kering","","1078","Kasmari Isman");
INSERT INTO asset VALUES("733","1","36","DI","790","210","790","0","Lainnya","1986","272","Senah b Redjo","-","-","-","-","Aktif Sebagian","Tanah Kering","","1079","Lasmi Kadam");
INSERT INTO asset VALUES("738","1","8","DI","0","140","0","0","Lainnya","1987","999","Sakroni Kamin","-","-","-","-","Tidak Aktif","Tanah Kering","","1086","sujo Rohanah");
INSERT INTO asset VALUES("209","1","60","DI","0","350","0","0","Lainnya","-","","","-","-","-","-","Tidak Aktif","Tanah Kering","","454","Kaswan Karto");
INSERT INTO asset VALUES("743","2","60","DI","202","148","202","0","Lainnya","-","454","Kaswan Karto","-","-","-","-","Aktif Sebagian","Tanah Kering","","1092","Senawi Sarman");
INSERT INTO asset VALUES("808","2","37","DI","430","0","430","0","Lainnya","-","1093","Parno Sarman","-","-","-","-","Aktif","Tanah Kering","","1166","Susiyo Suyati");
INSERT INTO asset VALUES("105","1","29","SII","5800","0","5800","0","Lainnya","-","","","-","-","-","-","Aktif","Sawah","","259","Sedan Marto");
INSERT INTO asset VALUES("105","2","40","SII","0","4600","0","0","Lainnya","-","","","-","-","-","-","Tidak Aktif","Sawah","","259","Sedan Marto");
INSERT INTO asset VALUES("105","3","37","DI","450","0","450","0","Lainnya","-","","","-","-","-","-","Aktif","Tanah Kering","","259","Sedan Marto");
INSERT INTO asset VALUES("105","4","37","DI","500","0","500","0","Lainnya","-","","","-","-","-","-","Aktif","Tanah Kering","","259","Sedan Marto");
INSERT INTO asset VALUES("105","5","37","DI","50","0","50","0","Lainnya","-","","","-","-","-","-","Aktif","Tanah Kering","","259","Sedan Marto");
INSERT INTO asset VALUES("105","6","37","DI","350","0","350","0","Lainnya","-","","","-","-","-","-","Aktif","Tanah Kering","","259","Sedan Marto");
INSERT INTO asset VALUES("105","7","41","DI","0","150","0","0","Lainnya","-","","","-","-","-","-","Tidak Aktif","Tanah Kering","","259","Sedan Marto");
INSERT INTO asset VALUES("105","8","42","DII","0","140","0","0","Lainnya","-","","","-","-","-","-","Tidak Aktif","Tanah Kering","","259","Sedan Marto");
INSERT INTO asset VALUES("105","9","42","DII","0","2550","0","0","Lainnya","-","","","-","-","-","-","Tidak Aktif","Tanah Kering","","259","Sedan Marto");
INSERT INTO asset VALUES("105","10","50A","DI","220","0","220","0","Lainnya","-","","","-","-","-","-","Aktif","Tanah Kering","","259","Sedan Marto");
INSERT INTO asset VALUES("105","11","50A","DI","220","0","220","0","Lainnya","-","","","-","-","-","-","Aktif","Tanah Kering","","259","Sedan Marto");
INSERT INTO asset VALUES("105","12","50A","DI","220","0","220","0","Lainnya","-","","","-","-","-","-","Aktif","Tanah Kering","","259","Sedan Marto");
INSERT INTO asset VALUES("749","1","40","SII","4600","0","4600","0","Lainnya","-","259","Sedan Marto","-","-","-","-","Aktif","Sawah","","1098","Warman Bt Sedan");
INSERT INTO asset VALUES("749","2","41","DI","150","0","150","0","Lainnya","-","259","Sedan Marto","-","-","-","-","Aktif","Tanah Kering","","1098","Warman Bt Sedan");
INSERT INTO asset VALUES("749","3","42","DII","140","0","140","0","Lainnya","-","259","Sedan Marto","-","-","-","-","Aktif","Tanah Kering","","1098","Warman Bt Sedan");
INSERT INTO asset VALUES("749","4","42","DII","2550","0","2550","0","Lainnya","-","259","Sedan Marto","-","-","-","-","Aktif","Tanah Kering","","1098","Warman Bt Sedan");
INSERT INTO asset VALUES("755","1","44","DII","470","0","470","0","Lainnya","1987","167","Pingi sardjo","-","-","-","-","Aktif","Tanah Kering","","1104","Supi Sugi");
INSERT INTO asset VALUES("757","1","60","DI","53","247","53","0","Lainnya","1988","606","Nisem Reso","-","-","-","-","Aktif Sebagian","Tanah Kering","","1106","Pardi Sawon");
INSERT INTO asset VALUES("758","1","19","DI","350","0","350","0","Lainnya","-","906","Sabari Merto","-","-","-","-","Aktif","Tanah Kering","","1107","Surani Royanah");
INSERT INTO asset VALUES("48","1","40","SII","4400","0","4400","0","Lainnya","-","","","-","-","-","-","Aktif","Sawah","","119","Mioen Dasim");
INSERT INTO asset VALUES("48","2","37","DI","710","310","710","0","Lainnya","-","","","-","-","-","-","Aktif Sebagian","Tanah Kering","","119","Mioen Dasim");
INSERT INTO asset VALUES("48","3","42","DII","600","0","600","0","Lainnya","-","","","-","-","-","-","Aktif","Tanah Kering","","119","Mioen Dasim");
INSERT INTO asset VALUES("761","1","37","DI","280","0","280","0","Lainnya","1988","119","Mioen Dasim","-","-","-","-","Aktif","Tanah Kering","","1110","Kemat Palil");
INSERT INTO asset VALUES("756","2","37","DI","310","0","310","0","Lainnya","1990","119","Mioen Dasim","-","-","-","-","Aktif","Tanah Kering","","1105","Kamsin Suminah");
INSERT INTO asset VALUES("762","1","61","SIV","450","0","450","0","Lainnya","1988","350","Warto Djojo","-","-","-","-","Aktif","Sawah","","1111","Sumiah Al Darus");
INSERT INTO asset VALUES("764","1","66","DI","120","0","120","0","Lainnya","1988","778","Soepar","-","-","-","-","Aktif","Tanah Kering","","1113","Jasri b Mohamad");
INSERT INTO asset VALUES("813","1","37","DI","290","0","290","0","Lainnya","-","1114","Lahadi / Maryati","-","-","-","-","Aktif","Tanah Kering","","1172","Rochmat Ngatiman");
INSERT INTO asset VALUES("766","1","41","DI","220","0","220","0","Lainnya","1988","254","Setam wiro","-","-","-","-","Aktif","Tanah Kering","","1115","Sukadi Wartam");
INSERT INTO asset VALUES("767","1","5","DI","424","276","424","0","Lainnya","1989","15","Asmari Rabin","-","-","-","-","Aktif Sebagian","Tanah Kering","","1116","Nurjanah");
INSERT INTO asset VALUES("775","1","1","SII","2130","0","2130","0","Lainnya","1989","180","Reban Doelgani","-","-","-","-","Aktif","Sawah","","1127","Ekromi");
INSERT INTO asset VALUES("385","1","5","DI","0","390","0","0","Lainnya","-","","","-","-","-","-","Tidak Aktif","Tanah Kering","","718","Toha Soedjak");
INSERT INTO asset VALUES("777","1","5","DI","390","0","390","0","Lainnya","1989","718","Toha Soedjak","-","-","-","-","Aktif","Tanah Kering","","1130","Usup Al Djonah");
INSERT INTO asset VALUES("825","1","37","DI","180","0","180","0","Lainnya","-","1136","Mani Sajiah","-","-","-","-","Aktif","Tanah Kering","","1184","Joyo Darmi");
INSERT INTO asset VALUES("784","1","60","DI","190","0","190","0","Lainnya","1989","676","Sarto Sajam","-","-","-","-","Aktif","Tanah Kering","","1137","Sanuri Rukini");
INSERT INTO asset VALUES("602","1","37","DI","130","170","130","0","Lainnya","-","77","Kardjo Seno","-","-","-","-","Aktif Sebagian","Tanah Kering","","946","Karni Warjo");
INSERT INTO asset VALUES("602","2","41","DI","900","0","900","0","Lainnya","-","77","Kardjo Seno","-","-","-","-","Aktif","Tanah Kering","","946","Karni Warjo");
INSERT INTO asset VALUES("602","3","41","DI","0","350","0","0","Lainnya","-","77","Kardjo Seno","-","-","-","-","Tidak Aktif","Tanah Kering","","946","Karni Warjo");
INSERT INTO asset VALUES("785","2","37","DI","170","0","170","0","Lainnya","1989","946","Karni Warjo","-","-","-","-","Aktif","Tanah Kering","","1139","Sonah Saryan");
INSERT INTO asset VALUES("786","2","37","DI","650","0","650","0","Lainnya","1989","105","Kastawi Harto","-","-","-","-","Aktif","Tanah Kering","","1142","Sonah Kastawi");
INSERT INTO asset VALUES("786","3","45","SIII","340","0","340","0","Lainnya","1991","869","Rawen Senin","-","-","-","-","Aktif","Sawah","","1142","Sonah Kastawi");
INSERT INTO asset VALUES("787","1","41","DI","350","0","350","0","Lainnya","1989","946","Karni Warjo","-","-","-","-","Aktif","Tanah Kering","","1143","Mani Sajiyah");
INSERT INTO asset VALUES("788","1","52B","SII","1750","0","1750","0","Lainnya","1989","447","Toedjinah b Kamsin","-","-","-","-","Aktif","Sawah","","1144","Susman Parti");
INSERT INTO asset VALUES("790","1","36","DI","240","0","240","0","Lainnya","-","","","-","-","-","-","Aktif","Tanah Kering","","1147","Ratmi Barikiman");
INSERT INTO asset VALUES("42","1","27","SIII","0","5450","0","0","Lainnya","-","","","-","-","-","-","Tidak Aktif","Sawah","","104","Kasmono Redjo");
INSERT INTO asset VALUES("792","2","27","SIII","90","1450","90","0","Lainnya","1989","104","Kasmono Redjo","-","-","-","-","Aktif Sebagian","Sawah","","1149","Kusno Miah");
INSERT INTO asset VALUES("799","1","25","DI","140","0","140","0","Lainnya","-","524","Siin Tasri","-","-","-","-","Aktif","Tanah Kering","","1157","Rusiyah");
INSERT INTO asset VALUES("800","1","25","DI","60","0","60","0","Lainnya","-","524","Siin Tasri","-","-","-","-","Aktif","Tanah Kering","","1158","Sukar");
INSERT INTO asset VALUES("854","1","26","DI","140","0","140","0","Lainnya","-","1161","Jayem Marni","-","-","-","-","Aktif","Tanah Kering","","1185","Rusiyah");
INSERT INTO asset VALUES("805","1","55","SIV","450","0","450","0","Lainnya","-","305","Satini b Soediran","-","-","-","-","Aktif","Sawah","","1163","Ruliyah");
INSERT INTO asset VALUES("809","2","19","DI","680","0","680","0","Lainnya","-","752","Soemiatoen b Redjo","-","-","-","-","Aktif","Tanah Kering","","1128","Turus Suman");
INSERT INTO asset VALUES("815","1","57","DI","540","0","540","0","Lainnya","-","","","-","-","-","-","Aktif","Tanah Kering","","1174","Supri b Harno");
INSERT INTO asset VALUES("817","1","57","DI","340","0","340","0","Lainnya","-","910","Soetikno","-","-","-","-","Aktif","Tanah Kering","","1120","Mustakhim Cs");
INSERT INTO asset VALUES("187","1","38","SIII","80","0","80","0","Lainnya","-","","","-","-","-","-","Aktif","Sawah","","426","Karsi B Sarmo");
INSERT INTO asset VALUES("187","2","42","DII","0","1700","0","0","Lainnya","-","","","-","-","-","-","Tidak Aktif","Tanah Kering","","426","Karsi B Sarmo");
INSERT INTO asset VALUES("238","2","42","DII","560","500","560","0","Lainnya","-","426","Karsi B Sarmo","-","-","-","-","Aktif Sebagian","Tanah Kering","","507","Djoeli Koesim");
INSERT INTO asset VALUES("857","1","42","DII","640","0","640","0","Lainnya","-","507","Djoeli Koesim","-","-","-","-","Aktif","Tanah Kering","","1179","Dasumi Simah");
INSERT INTO asset VALUES("823","1","42","DII","500","0","500","0","Lainnya","-","507","Djoeli Koesim","-","-","-","-","Aktif","Tanah Kering","","1180","Sulimah");
INSERT INTO asset VALUES("856","1","36","DI","210","0","210","0","Lainnya","-","1079","Lasmi Kadam","-","-","-","-","Aktif","Tanah Kering","","1181","Sukarmah b Kartorejo");
INSERT INTO asset VALUES("665","1","17","DII","0","280","0","0","Lainnya","-","","","-","-","-","-","Tidak Aktif","Tanah Kering","","1010","Juni Averi");
INSERT INTO asset VALUES("855","1","17","DII","280","0","280","0","Lainnya","-","1010","Juni Averi","-","-","-","-","Aktif","Tanah Kering","","1182","Iptitah Kumzari");
INSERT INTO asset VALUES("824","1","21","DII","100","0","100","0","Lainnya","-","418","Tian b Ngasem","-","-","-","-","Aktif","Tanah Kering","","1183","Semi bt Jenak");
INSERT INTO asset VALUES("155","1","49","DI","0","850","0","0","Lainnya","-","","","-","-","-","-","Tidak Aktif","Tanah Kering","","372","Roestam Soemantri");
INSERT INTO asset VALUES("155","2","49","DI","80","270","80","0","Lainnya","-","","","-","-","-","-","Aktif Sebagian","Tanah Kering","","372","Roestam Soemantri");
INSERT INTO asset VALUES("155","3","49","DI","0","600","0","0","Lainnya","-","","","-","-","-","-","Tidak Aktif","Tanah Kering","","372","Roestam Soemantri");
INSERT INTO asset VALUES("826","1","49","DI","850","0","850","0","Lainnya","-","372","Roestam Soemantri","-","-","-","-","Aktif","Tanah Kering","","1186","Tarjo Suti");
INSERT INTO asset VALUES("853","1","49","DI","270","0","270","0","Lainnya","-","372","Roestam Soemantri","-","-","-","-","Aktif","Tanah Kering","","1187","Munari Maryam");
INSERT INTO asset VALUES("826","2","49","DI","600","0","600","0","Lainnya","-","372","Roestam Soemantri","-","-","-","-","Aktif","Tanah Kering","","1186","Tarjo Suti");
INSERT INTO asset VALUES("833","2","52B","SII","140","0","140","0","Lainnya","-","816","Sedjo Dasam","-","-","-","-","Aktif","Sawah","","1191","Rusmi");
INSERT INTO asset VALUES("829","1","35","DI","3000","0","3000","0","Lainnya","-","271","sosanondjo Senan","-","-","-","-","Aktif","Tanah Kering","","1192","Musirah Senan");
INSERT INTO asset VALUES("832","1","66","DII","90","0","90","0","Lainnya","-","","","-","-","-","-","Aktif","Tanah Kering","","1197","Suradji");
INSERT INTO asset VALUES("835","1","66","DII","90","0","90","0","Lainnya","-","","","-","-","-","-","Aktif","Tanah Kering","","1198","Murtemu Karmi");
INSERT INTO asset VALUES("836","1","66","DII","90","0","90","0","Lainnya","-","","","-","-","-","-","Aktif","Tanah Kering","","1199","Sadi Sutiyah");
INSERT INTO asset VALUES("837","1","66","DII","90","0","90","0","Lainnya","-","","","-","-","-","-","Aktif","Tanah Kering","","1200","Abdul  Rakhman");
INSERT INTO asset VALUES("838","1","66","DII","70","0","70","0","Lainnya","-","","","-","-","-","-","Aktif","Tanah Kering","","1201","Rasmin Sastrorejo");
INSERT INTO asset VALUES("839","1","66","DII","60","0","60","0","Lainnya","-","","","-","-","-","-","Aktif","Tanah Kering","","1202","Maman Sartini");
INSERT INTO asset VALUES("840","1","66","DII","50","0","50","0","Lainnya","-","","","-","-","-","-","Aktif","Tanah Kering","","1203","Sutoyo Sastrorejo");
INSERT INTO asset VALUES("841","1","66","DII","40","0","40","0","Lainnya","-","","","-","-","-","-","Aktif","Tanah Kering","","1204","Yusni");
INSERT INTO asset VALUES("843","1","66","DII","50","0","50","0","Lainnya","-","","","-","-","-","-","Aktif","Tanah Kering","","1205","Mariyem");
INSERT INTO asset VALUES("842","1","66","DII","50","0","50","0","Lainnya","-","","","-","-","-","-","Aktif","Tanah Kering","","1206","Sampun Juwariyah");
INSERT INTO asset VALUES("844","1","66","DII","50","0","50","0","Lainnya","-","","","-","-","-","-","Aktif","Tanah Kering","","1207","Taryono Sadi");
INSERT INTO asset VALUES("191","1","24","DI","300","900","300","0","Lainnya","-","","","-","-","-","-","Aktif Sebagian","Tanah Kering","","431","Sibaweh H Jordak");
INSERT INTO asset VALUES("846","1","24","DI","900","0","900","0","Jual Beli","1990","431","Sibaweh H Jordak","-","-","-","-","Aktif","Tanah Kering","","1209","Budi Sisworo");



DROP TABLE assetbaru;

CREATE TABLE `assetbaru` (
  `id` int(11) NOT NULL,
  `k_id` int(11) NOT NULL,
  `no_persil` varchar(80) NOT NULL,
  `kelas_desa` varchar(4) NOT NULL,
  `luas_tersedia` int(11) NOT NULL,
  `luas_terpindah` int(11) NOT NULL,
  `luas_sisa` int(11) NOT NULL,
  `ipeda` int(11) NOT NULL,
  `diperoleh` varchar(20) NOT NULL,
  `tahun` varchar(4) NOT NULL,
  `no_kohir` varchar(5) NOT NULL,
  `atasnama` varchar(20) NOT NULL,
  `dipindah` varchar(20) NOT NULL,
  `tahun_pindah` varchar(4) NOT NULL,
  `no_kohir_pindah` varchar(5) NOT NULL,
  `atasnama_pindah` varchar(20) NOT NULL,
  `status` varchar(20) NOT NULL,
  `klasifikasi` varchar(20) NOT NULL,
  `name` text NOT NULL,
  `nocdesa` varchar(10) NOT NULL,
  `idcdesa` int(11) NOT NULL
) ENGINE=MyISAM DEFAULT CHARSET=latin1;

INSERT INTO assetbaru VALUES("1","1","41","DI","150","0","150","0","Lainnya","2009","","Wartam Kaswan","","","","","Aktif","Tanah Kering","","760","419");
INSERT INTO assetbaru VALUES("2","1","54A","DI","140","0","140","0","Lainnya","2009","","Roeimah b Boenawi","","","","","Aktif","Tanah Kering","","763","422");
INSERT INTO assetbaru VALUES("3","1","58","DI","180","0","180","0","Lainnya","2009","","Tarjoeni b Doelrohma","","","","","Aktif","Tanah Kering","","768","427");
INSERT INTO assetbaru VALUES("4","1","30","SII","1735","0","1735","0","Lainnya","2016","","Karno Roemijati","","","","","Aktif","Sawah","","797","454");
INSERT INTO assetbaru VALUES("5","1","42","DII","400","0","400","0","Lainnya","2009","","Soetirah Tiko","","","","","Aktif","Tanah Kering","","802","459");
INSERT INTO assetbaru VALUES("6","1","42","DII","650","0","650","0","Lainnya","2009","","Soetirah Tiko","","","","","Aktif","Tanah Kering","","802","459");
INSERT INTO assetbaru VALUES("7","1","19","DI","70","0","70","0","Lainnya","2009","","Moedji","","","","","Aktif","Tanah Kering","","807","464");
INSERT INTO assetbaru VALUES("8","1","61A","DI","363","0","363","0","Lainnya","2009","","Sajoemi Seam","","","","","Aktif","Tanah Kering","","818","474");
INSERT INTO assetbaru VALUES("9","1","6","DI","430","0","430","0","Jual Beli","2008","","Masitah Sokah","","","","","Aktif","Tanah Kering","","832","488");
INSERT INTO assetbaru VALUES("10","1","25","DI","105","0","105","0","Lainnya","2008","","Senah Karman","","","","","Aktif","Tanah Kering","","851","507");
INSERT INTO assetbaru VALUES("11","1","6","DI","112","0","112","0","Lainnya","2009","","Soepadi Poeah","","","","","Aktif","Tanah Kering","","862","518");
INSERT INTO assetbaru VALUES("12","1","8","DI","201","0","201","0","Lainnya","2007","","Madoeri Markomah","","","","","Aktif","Tanah Kering","","877","533");
INSERT INTO assetbaru VALUES("13","1","19","DI","313","0","313","0","Hibah","2008","","Sakoewan Noekmi","","","","","Aktif","Tanah Kering","","882","538");
INSERT INTO assetbaru VALUES("14","1","54A","DI","336","0","336","0","Lainnya","2009","","Tarbani Soemantri","","","","","Aktif","Tanah Kering","","883","539");
INSERT INTO assetbaru VALUES("15","1","53B","DI","147","0","147","0","Lainnya","2015","","Sukiyah Kayid","","","","","Aktif","Tanah Kering","","912","568");
INSERT INTO assetbaru VALUES("16","1","25","DI","635","0","635","0","Lainnya","2014","","Jambari Dasmui","","","","","Aktif","Tanah Kering","","934","590");
INSERT INTO assetbaru VALUES("17","1","25","DI","115","0","115","0","Lainnya","2008","","Soyi b Kadam","","","","","Aktif","Tanah Kering","","937","592");
INSERT INTO assetbaru VALUES("18","1","58","DI","0","120","0","0","Lainnya","2010","","Siti Khamin","","","","","Tidak Aktif","Tanah Kering","","966","622");
INSERT INTO assetbaru VALUES("19","1","58","DI","120","0","120","0","Jual Beli","2010","18","Gunadi","","","","","Aktif","Tanah Kering","","966","622");
INSERT INTO assetbaru VALUES("20","1","5","DI","170","0","170","0","Lainnya","2009","","Suciati Sudarmo","","","","","Aktif","Tanah Kering","","982","637");
INSERT INTO assetbaru VALUES("21","1","13A","SII","1960","0","1960","0","Lainnya","2009","","Karmi Pardi","","","","","Aktif","Sawah","","988","643");
INSERT INTO assetbaru VALUES("22","1","49","DI","530","0","530","0","Lainnya","2007","","Nurhayati Tisnak","","","","","Aktif","Tanah Kering","","997","653");
INSERT INTO assetbaru VALUES("23","1","49","DI","354","0","354","0","Lainnya","2007","","Ngasin Saki","","","","","Aktif","Tanah Kering","","1007","662");
INSERT INTO assetbaru VALUES("24","1","58","DI","125","0","125","0","Lainnya","2015","","Gunadi Kahar","","","","","Aktif","Tanah Kering","","1039","693");
INSERT INTO assetbaru VALUES("25","1","35","DI","400","0","400","0","Lainnya","2011","","semah Sudiro","","","","","Aktif","Tanah Kering","","1042","696");
INSERT INTO assetbaru VALUES("26","1","63","DI","165","0","165","0","Lainnya","2007","","Sukadi B Kasmo","","","","","Aktif","Tanah Kering","","1063","717");
INSERT INTO assetbaru VALUES("27","1","63","DI","314","0","314","0","Lainnya","2007","","Sukadi B Kasmo","","","","","Aktif","Tanah Kering","","1063","717");
INSERT INTO assetbaru VALUES("28","1","63","DI","278","0","278","0","Sengketa","2007","","Sukadi B Kasmo","","","","","Aktif","Tanah Kering","","1063","717");
INSERT INTO assetbaru VALUES("29","1","65","DI","140","0","140","0","Lainnya","2009","","Kemisah bt Lawen","","","","","Aktif","Tanah Kering","","1068","722");
INSERT INTO assetbaru VALUES("30","1","8","DI","140","0","140","0","Lainnya","2009","","sujo Rohanah","","","","","Aktif","Tanah Kering","","1086","738");
INSERT INTO assetbaru VALUES("31","1","60","DI","148","0","148","0","Lainnya","2016","","Senawi Sarman","","","","","Aktif","Tanah Kering","","1092","743");
INSERT INTO assetbaru VALUES("32","1","65","DI","467","0","467","0","Lainnya","2007","","Simah bt Sarman","","","","","Aktif","Tanah Kering","","1094","745");
INSERT INTO assetbaru VALUES("33","1","60","DI","0","247","0","0","Jual Beli","2008","","Pardi Sawon","","","","","Tidak Aktif","Tanah Kering","","1106","757");
INSERT INTO assetbaru VALUES("34","1","60","DI","247","0","247","0","Jual Beli","2008","33","Kadi Kardi","","","","","Aktif","Tanah Kering","","1106","757");
INSERT INTO assetbaru VALUES("35","1","5","DI","276","0","276","0","Lainnya","2008","","Nurjanah","","","","","Aktif","Tanah Kering","","1116","767");
INSERT INTO assetbaru VALUES("36","1","27","SIII","3910","0","3910","0","Lainnya","2008","","Kusno Miah","","","","","Aktif","Sawah","","1149","792");
INSERT INTO assetbaru VALUES("37","1","27","SIII","1450","0","1450","0","Lainnya","2008","","Kusno Miah","","","","","Aktif","Sawah","","1149","792");
INSERT INTO assetbaru VALUES("38","1","49","DI","376","0","376","0","Lainnya","2007","","Kusno Miah","","","","","Aktif","Tanah Kering","","1149","792");
INSERT INTO assetbaru VALUES("40","1","49","DI","717","0","717","0","Lainnya","2007","","Kusno Miah","","","","","Aktif","Tanah Kering","","1149","792");
INSERT INTO assetbaru VALUES("41","1","49","DI","397","0","397","0","Lainnya","2008","","Rabawi Kasmani","","","","","Aktif","Tanah Kering","","1150","793");



DROP TABLE download;

CREATE TABLE `download` (
  `id` int(5) NOT NULL auto_increment,
  `no` int(20) NOT NULL,
  `namapemilik` text NOT NULL,
  `name` text NOT NULL,
  `keterangan` text NOT NULL,
  PRIMARY KEY  (`id`)
) ENGINE=MyISAM AUTO_INCREMENT=892 DEFAULT CHARSET=latin1;

INSERT INTO download VALUES("1","0","Bengkok Kebayan I","","");
INSERT INTO download VALUES("2","0","Bengkok kebayan II","","");
INSERT INTO download VALUES("3","0","Bengkok Kepetengan I","","");
INSERT INTO download VALUES("4","0","Bengkok Kepetengan II","","");
INSERT INTO download VALUES("5","0","Bengkok Modin","","");
INSERT INTO download VALUES("6","0","Bengkok Ulu Ulu","","");
INSERT INTO download VALUES("7","3","Soewarno Soeib","","");
INSERT INTO download VALUES("8","4","Resokarjo Sarmin","","");
INSERT INTO download VALUES("9","7","Ngalim Kasmawi","","");
INSERT INTO download VALUES("10","9","Samsoeri Soelmanan","","");
INSERT INTO download VALUES("11","15","Asmari Rabin","","");
INSERT INTO download VALUES("12","18","Boenawi Kiman","","");
INSERT INTO download VALUES("13","19","Noerjoedi Boekari A","","");
INSERT INTO download VALUES("14","20","Djajan Kasto","","");
INSERT INTO download VALUES("15","24","Doetonah Kastam","","");
INSERT INTO download VALUES("16","33","Doelrohman H Doelrasid","","");
INSERT INTO download VALUES("17","44","Asdjali H Soemadi","","");
INSERT INTO download VALUES("18","48","Hasmawi Sosemito","","");
INSERT INTO download VALUES("19","53","Jat Kardjono","","");
INSERT INTO download VALUES("20","57","Karmi B Hatsari","","");
INSERT INTO download VALUES("21","58","Kastijah b Salam","","");
INSERT INTO download VALUES("22","60","Karmin Kastam","","");
INSERT INTO download VALUES("23","62","Kasmoeri Kamin","","");
INSERT INTO download VALUES("24","63","Kasmah b Harkasan","","");
INSERT INTO download VALUES("25","66","Kadar Keman","","");
INSERT INTO download VALUES("26","68","Kartamah Soerjani","","");
INSERT INTO download VALUES("27","69","Karsi b Warto","","");
INSERT INTO download VALUES("28","71","Kasmono Bero","","");
INSERT INTO download VALUES("29","74","Kasiran Wardjo","","");
INSERT INTO download VALUES("30","76","Kasmi b Kasman","","");
INSERT INTO download VALUES("31","77","Kardjo Seno","","");
INSERT INTO download VALUES("32","79","Kasman Rali","","");
INSERT INTO download VALUES("33","70","Kobro b Mardjifin","","");
INSERT INTO download VALUES("34","72","Kardjani Kasiroen","","");
INSERT INTO download VALUES("35","87","Kastoeli Kasto","","");
INSERT INTO download VALUES("36","88","Kadarijali b Kariboen","","No PERSIL 8 KELAS DESA D1 JUAL KE MUFADILLAH 624 M2, sms 2008");
INSERT INTO download VALUES("37","91","Kasin Kardjono","","");
INSERT INTO download VALUES("38","92","Kadam Kardjani","","");
INSERT INTO download VALUES("39","95","Kasmo Kasam","","");
INSERT INTO download VALUES("40","97","Karso Kaspan ","","");
INSERT INTO download VALUES("41","101","Karso Merto","","");
INSERT INTO download VALUES("42","104","Kasmono Redjo","","");
INSERT INTO download VALUES("43","105","Kastawi Harto","","");
INSERT INTO download VALUES("44","106","Kemin Pawiro","","");
INSERT INTO download VALUES("45","110","Masoed H Moenasip","","");
INSERT INTO download VALUES("46","116","Moeksin Sapawi","","");
INSERT INTO download VALUES("47","118","Marsi Sapawi","","");
INSERT INTO download VALUES("48","119","Mioen Dasim","","");
INSERT INTO download VALUES("49","120","Moenadjat Badroen","","");
INSERT INTO download VALUES("50","121","Martomo Kromo","","");
INSERT INTO download VALUES("51","123","Moestari Said","","");
INSERT INTO download VALUES("52","126","Moeksin Dalimin","","");
INSERT INTO download VALUES("53","130","Moehamad Doelah","","");
INSERT INTO download VALUES("54","133","Marsam Djajoes","","");
INSERT INTO download VALUES("55","135","Ngari Sapijan","","");
INSERT INTO download VALUES("56","136","Ngatijah Soehidi","","");
INSERT INTO download VALUES("57","141","Nasam Karno","","");
INSERT INTO download VALUES("58","142","Natri b Mito","","");
INSERT INTO download VALUES("59","145","Ngasmo Tasem","","");
INSERT INTO download VALUES("60","152","Ngapi b Sawon","","");
INSERT INTO download VALUES("61","158","Ngarminah b Ngarman","","");
INSERT INTO download VALUES("62","160","Narkan Harso","","");
INSERT INTO download VALUES("63","162","Oesoep Ngarmo","","");
INSERT INTO download VALUES("64","163","Patonah b Salam","","");
INSERT INTO download VALUES("65","164","Pingi sardjo","","");
INSERT INTO download VALUES("66","165","Pawi Tasmin","","");
INSERT INTO download VALUES("67","167","Pingi sardjo","","");
INSERT INTO download VALUES("68","171","Piran Ngasmo","","");
INSERT INTO download VALUES("69","173","Paidjan Kewil","","");
INSERT INTO download VALUES("70","177","Kasdam Kasnawi","","");
INSERT INTO download VALUES("71","179","Rasmin Raboen","","");
INSERT INTO download VALUES("72","180","Reban Doelgani","","");
INSERT INTO download VALUES("73","182","Katoe Samsoeri","","");
INSERT INTO download VALUES("74","183","Ramidi Kardi","","");
INSERT INTO download VALUES("75","187","Rali Achmad","","");
INSERT INTO download VALUES("76","190","Rani b Wijo","","");
INSERT INTO download VALUES("77","191","Roebini b Kardjono","","");
INSERT INTO download VALUES("78","192","Roesmi Djinal","","");
INSERT INTO download VALUES("79","194","Reso Sal","","");
INSERT INTO download VALUES("80","203","Remin Kasto","","");
INSERT INTO download VALUES("81","206","Remin Kromo","","");
INSERT INTO download VALUES("82","207","Redjo Martoredjo","","");
INSERT INTO download VALUES("83","214","Sardi b Kasan","","");
INSERT INTO download VALUES("84","219","Siti b Moekadah","","");
INSERT INTO download VALUES("85","220","Siti b Moechajar","","");
INSERT INTO download VALUES("86","221","Soekemi Kamawi","","");
INSERT INTO download VALUES("87","225","Soetimah b Salpan","","");
INSERT INTO download VALUES("88","227","Iman Marto","","");
INSERT INTO download VALUES("89","229","Sapijan markoesen","","");
INSERT INTO download VALUES("90","230","Sadam Tani","","");
INSERT INTO download VALUES("91","231","Sarmo Achmad","","");
INSERT INTO download VALUES("92","232","Soepan achmad","","");
INSERT INTO download VALUES("93","234","Sarto Salam","","");
INSERT INTO download VALUES("94","238","Sipan Reso","","");
INSERT INTO download VALUES("95","241","Sarwi B Amad","","");
INSERT INTO download VALUES("96","242","Soetomo Kasran","","");
INSERT INTO download VALUES("97","244","Soedjah Repan","","");
INSERT INTO download VALUES("98","245","Soelimah b Mito","","");
INSERT INTO download VALUES("99","247","Soemini doelkarim","","");
INSERT INTO download VALUES("100","248","Sastroredjo Sarman","","");
INSERT INTO download VALUES("101","252","Somo Repan","","");
INSERT INTO download VALUES("102","0","Bengkok Carik","","");
INSERT INTO download VALUES("103","254","Setam wiro","","");
INSERT INTO download VALUES("104","258","Soeradi Kasiman","","");
INSERT INTO download VALUES("105","259","Sedan Marto","","");
INSERT INTO download VALUES("106","260","Soemito Samin","","");
INSERT INTO download VALUES("107","262","Soelijah b Kardjo","","");
INSERT INTO download VALUES("108","267","Semitro Min","","");
INSERT INTO download VALUES("109","269","Samin B Tatawi","","");
INSERT INTO download VALUES("110","271","sosanondjo Senan","","");
INSERT INTO download VALUES("111","272","Senah b Redjo","","");
INSERT INTO download VALUES("112","273","Soepi b Blawoe","","");
INSERT INTO download VALUES("113","274","Samin Redjo","","");
INSERT INTO download VALUES("114","275","Sasemito Sarmin","","");
INSERT INTO download VALUES("115","276","Sarpin Merto","","");
INSERT INTO download VALUES("116","281","Somo Siman","","");
INSERT INTO download VALUES("117","282","Sedjan Toeriman","","");
INSERT INTO download VALUES("118","284","Sami b Rais","","");
INSERT INTO download VALUES("119","285","Sarto Kasah","","");
INSERT INTO download VALUES("120","286","Senin Nastro","","");
INSERT INTO download VALUES("121","289","Semi b So","","");
INSERT INTO download VALUES("122","291","Saman Sarkawi","","");
INSERT INTO download VALUES("123","293","Sarti b Sahid","","");
INSERT INTO download VALUES("124","297","Sanah b Radimin","","");
INSERT INTO download VALUES("125","298","Sarijan Merto","","");
INSERT INTO download VALUES("126","299","Sarto Samin","","");
INSERT INTO download VALUES("127","300","Sarminah b Redjo","","");
INSERT INTO download VALUES("128","305","Satini b Soediran","","");
INSERT INTO download VALUES("129","308","Soeki b Wardi","","");
INSERT INTO download VALUES("130","310","Soedjinah b Simin","","");
INSERT INTO download VALUES("131","313","Senah b Salam","","");
INSERT INTO download VALUES("132","314","Soelawi Rachman","","");
INSERT INTO download VALUES("133","315","Soemar Redjo","","");
INSERT INTO download VALUES("134","316","Soewarno Samerto","","");
INSERT INTO download VALUES("135","318","Sabari Merto","","");
INSERT INTO download VALUES("136","319","Siti b Merto","","");
INSERT INTO download VALUES("137","325","Sinah b Dijamin","","");
INSERT INTO download VALUES("138","326","Soerati b Kromo","","");
INSERT INTO download VALUES("139","328","Samidjah b Kromo","","");
INSERT INTO download VALUES("140","330","Semi b Warso","","");
INSERT INTO download VALUES("141","333","Tismo Kasmo","","");
INSERT INTO download VALUES("142","339","Tajimah b Ngasman","","");
INSERT INTO download VALUES("143","340","Tiko Warkoen","","");
INSERT INTO download VALUES("144","341","Tarsih b Toemboek","","");
INSERT INTO download VALUES("145","344","Warmi b Doelgani","","");
INSERT INTO download VALUES("146","345","Wartimah b Sarto","","");
INSERT INTO download VALUES("147","350","Warto Djojo","","");
INSERT INTO download VALUES("148","352","Warti b Wardjo","","");
INSERT INTO download VALUES("149","357","Warti b Kasnawi","","");
INSERT INTO download VALUES("150","358","Warsid Salimin","","");
INSERT INTO download VALUES("151","364","Soepari Saikimin","","");
INSERT INTO download VALUES("152","365","Daman Sardjo","","");
INSERT INTO download VALUES("153","368","Rameli Pawiro","","");
INSERT INTO download VALUES("154","369","Wardjo Djasman","","");
INSERT INTO download VALUES("155","372","Roestam Soemantri","","");
INSERT INTO download VALUES("156","373","Bari Kiman","","");
INSERT INTO download VALUES("157","376","Sabidi Karman","","");
INSERT INTO download VALUES("158","378","Soekari Mardjan","","");
INSERT INTO download VALUES("159","380","Lastro Redjo","","");
INSERT INTO download VALUES("160","383","Tarjamah b Kamin","","");
INSERT INTO download VALUES("161","384","Toeriatoen b Kamin","","");
INSERT INTO download VALUES("162","385","Sadijah b Dirman","","");
INSERT INTO download VALUES("163","387","Boenawi Samin","","");
INSERT INTO download VALUES("164","388","Sarboen marsahid","","");
INSERT INTO download VALUES("165","389","Samito Warso","","");
INSERT INTO download VALUES("166","390","Djemblik B Amin","","");
INSERT INTO download VALUES("167","392","Seni b Warso","","");
INSERT INTO download VALUES("168","393","Djoemadi Karman","","");
INSERT INTO download VALUES("169","396","Ngamin Achmad","","");
INSERT INTO download VALUES("170","397","Kamin Pawiro","","");
INSERT INTO download VALUES("171","398","Samin Wasijan","","");
INSERT INTO download VALUES("172","400","Kaspin  Djoewog","","");
INSERT INTO download VALUES("173","401","Manisi b Djami","","");
INSERT INTO download VALUES("174","402","Seni b Djami","","");
INSERT INTO download VALUES("175","404","Kastamah B Maskasan","","");
INSERT INTO download VALUES("176","405","Ngasmin Wiro","","");
INSERT INTO download VALUES("177","410","Soemanah b Kasah","","");
INSERT INTO download VALUES("178","412","Amat Sarip","","");
INSERT INTO download VALUES("179","413","Kemi b Tiko","","");
INSERT INTO download VALUES("180","414","Soekaemi Selam","","");
INSERT INTO download VALUES("181","416","Samoeri Samin","","");
INSERT INTO download VALUES("182","417","Ginah b Merto","","");
INSERT INTO download VALUES("183","418","Tian b Ngasem","","");
INSERT INTO download VALUES("184","419","Semin Sajem","","");
INSERT INTO download VALUES("185","421","Soemari Damin","","");
INSERT INTO download VALUES("186","422","Wardjo War","","");
INSERT INTO download VALUES("187","426","Karsi B Sarmo","","");
INSERT INTO download VALUES("188","427","Kadam Rasmin","","");
INSERT INTO download VALUES("189","428","Koedjaeri b Asari","","");
INSERT INTO download VALUES("190","430","Moelkam Yasin","","");
INSERT INTO download VALUES("191","431","Sibaweh H Jordak","","");
INSERT INTO download VALUES("192","433","Makroeb Kasam","","");
INSERT INTO download VALUES("193","434","Tini b Kasman","","");
INSERT INTO download VALUES("194","435","Roekijah b Rasman","","");
INSERT INTO download VALUES("195","436","Karsi b Rasman","","");
INSERT INTO download VALUES("196","437","Samlawi Rasman","","");
INSERT INTO download VALUES("197","438","Djoemari Roespan","","");
INSERT INTO download VALUES("198","442","Djojoes  Jasin","","");
INSERT INTO download VALUES("199","443","Djajim b Sarto","","");
INSERT INTO download VALUES("200","444","Dasmoei Nawi","","");
INSERT INTO download VALUES("201","446","Kamsirah B Kasmoeni","","");
INSERT INTO download VALUES("202","447","Toedjinah b Kamsin","","");
INSERT INTO download VALUES("203","448","Madakin Rohani","","");
INSERT INTO download VALUES("204","449","Soekar Samoredjo","","");
INSERT INTO download VALUES("205","450","Repani Karto","","");
INSERT INTO download VALUES("206","451","Marwi b Ngasmo","","");
INSERT INTO download VALUES("207","452","Narse Tjasmani","","");
INSERT INTO download VALUES("208","453","Nasem b Soerami","","PA tgl= 05.09.2007 atas nama Yitno Luas= 109m2");
INSERT INTO download VALUES("209","454","Kaswan Karto","","");
INSERT INTO download VALUES("210","455","Roepingi Soemantri","","");
INSERT INTO download VALUES("211","457","Tasmi b Senan","","");
INSERT INTO download VALUES("212","458","Kasmin Bero","","");
INSERT INTO download VALUES("213","459","Selani Djamin","","");
INSERT INTO download VALUES("214","460","Sawan Wali","","");
INSERT INTO download VALUES("215","461","Roekini b Kadim","","");
INSERT INTO download VALUES("216","463","Kardi Karto","","");
INSERT INTO download VALUES("217","464","Moehji Maksoem","","");
INSERT INTO download VALUES("218","469","Mastoer H Kaer","","");
INSERT INTO download VALUES("219","471","Karmoedji Resoharjo","","");
INSERT INTO download VALUES("220","472","Soekinah b Sarmo","","");
INSERT INTO download VALUES("221","474","Sijam Tardjo","","");
INSERT INTO download VALUES("222","475","Reban B Karman","","");
INSERT INTO download VALUES("223","476","Kemsah B Djojo","","");
INSERT INTO download VALUES("224","479","Amin Karto","","");
INSERT INTO download VALUES("225","486","Kemi b Doelraehman","","");
INSERT INTO download VALUES("226","487","Manisih B Djojo","","");
INSERT INTO download VALUES("227","488","Ngasiman Kasmo","","Jual ke Sutrisno thn. 1995 Luas=380m2, sms 2008");
INSERT INTO download VALUES("228","491","Glepat Tarmo","","");
INSERT INTO download VALUES("229","492","Kastari Gimin","","atas nama Sutinah 237m2, sms2008 P.A");
INSERT INTO download VALUES("230","494","Djoewarijah b Redjo","","");
INSERT INTO download VALUES("231","496","Moekari Sekak","","");
INSERT INTO download VALUES("232","497","Soetari b Sekak","","");
INSERT INTO download VALUES("233","498","Ngarti b Soekir","","");
INSERT INTO download VALUES("234","499","Rasmi b Djakarijah","","");
INSERT INTO download VALUES("235","501","Ramelah b Salim","","");
INSERT INTO download VALUES("236","503","Selam Seman","","");
INSERT INTO download VALUES("237","506","Soepi b Salim","","");
INSERT INTO download VALUES("238","507","Djoeli Koesim","","");
INSERT INTO download VALUES("239","508","Komtijah b Soekemi","","");
INSERT INTO download VALUES("240","510","Moenari Moestari","","");
INSERT INTO download VALUES("241","513","Basari Moechamad","","");
INSERT INTO download VALUES("242","514","jadi Tarmo","","");
INSERT INTO download VALUES("243","515","Soeri b Rospan","","P.A . tgl 05.09.2001 atas nama Surani Luas=578m2 pada tgl 14 .07 . 1990 tanah tersebut telah di jual sebagian yang seluas 33,5 oleh Suyono.");
INSERT INTO download VALUES("244","517","Seni b Siraen","","");
INSERT INTO download VALUES("245","518","Tawi Ngaiman","","");
INSERT INTO download VALUES("246","519","Rasmi b Masidin","","");
INSERT INTO download VALUES("247","520","Sanah b Wiro","","Tutik ");
INSERT INTO download VALUES("248","522","Senin Nasijo","","");
INSERT INTO download VALUES("249","524","Siin Tasri","","");
INSERT INTO download VALUES("250","525","Tarmiah b Mademin","","");
INSERT INTO download VALUES("251","527","Hati b Kadamin","","");
INSERT INTO download VALUES("252","528","Djenap b Madamin","","");
INSERT INTO download VALUES("253","532","Dasoemi b Kartiko","","");
INSERT INTO download VALUES("254","533","Moemjati b djalal","","");
INSERT INTO download VALUES("255","535","Soedjalmo Amin","","");
INSERT INTO download VALUES("256","537","Ngamin Sarto","","");
INSERT INTO download VALUES("257","539","Soesah b warto","","");
INSERT INTO download VALUES("258","540","Roesami b Harijan","","");
INSERT INTO download VALUES("259","541","Kamiatoen Soebari","","");
INSERT INTO download VALUES("260","542","Soekijah Dahlan","","");
INSERT INTO download VALUES("261","543","Soekemi Soebari","","");
INSERT INTO download VALUES("262","543","Hamradji Soebari","","");
INSERT INTO download VALUES("263","546","Kambali soebari","","");
INSERT INTO download VALUES("264","547","Ratmi b Rapin","","");
INSERT INTO download VALUES("265","550","Ngawijah b Wardi","","");
INSERT INTO download VALUES("266","551","Keminah b Kasan","","");
INSERT INTO download VALUES("267","555","Saoed Jasin","","");
INSERT INTO download VALUES("268","557","Soekadar Isak","","");
INSERT INTO download VALUES("269","561","Soeratman Boesamin","","Kiswanto");
INSERT INTO download VALUES("270","562","Soekadi Kamjati","","");
INSERT INTO download VALUES("271","564","Saripah Wardjan","","");
INSERT INTO download VALUES("272","565","Moentoha Joesak","","");
INSERT INTO download VALUES("273","567","Amat Hirman","","");
INSERT INTO download VALUES("274","572","Roemi Wardji","","");
INSERT INTO download VALUES("275","573","Slamet Hadi","","");
INSERT INTO download VALUES("276","574","Wasem Sati","","");
INSERT INTO download VALUES("277","580","Soewati Senan","","");
INSERT INTO download VALUES("278","581","Djastro Ratmi","","");
INSERT INTO download VALUES("279","583","Kemisah Wasmin","","");
INSERT INTO download VALUES("280","584","Watini","","");
INSERT INTO download VALUES("281","586","Moenjak Djalak","","");
INSERT INTO download VALUES("282","590","Soemar Senin","","");
INSERT INTO download VALUES("283","591","Sarmini Soeri","","");
INSERT INTO download VALUES("284","593","Redjo Raban","","");
INSERT INTO download VALUES("285","599","Soewarso Soeradi","","");
INSERT INTO download VALUES("286","600","Sasi b Piran","","");
INSERT INTO download VALUES("287","601","Sakim Piran","","");
INSERT INTO download VALUES("288","602","Timin Kromo","","");
INSERT INTO download VALUES("289","603","Roebijah Karto","","");
INSERT INTO download VALUES("290","604","Mardi Tini","","");
INSERT INTO download VALUES("291","605","Keman Djoemi","","");
INSERT INTO download VALUES("292","606","Nisem Reso","","");
INSERT INTO download VALUES("293","607","Soenoto Samo","","");
INSERT INTO download VALUES("294","608","Semah Soemantri","","");
INSERT INTO download VALUES("295","610","Sarman Tastro","","");
INSERT INTO download VALUES("296","612","Raboen Separ","","");
INSERT INTO download VALUES("297","613","Toebi Ramen","","");
INSERT INTO download VALUES("298","614","Ngamin Sarinah","","");
INSERT INTO download VALUES("299","615","Hardi Sarmin","","");
INSERT INTO download VALUES("300","616","Ndari Sarmin","","");
INSERT INTO download VALUES("301","619","Tarip Kaman","","");
INSERT INTO download VALUES("302","620","April Kartini","","");
INSERT INTO download VALUES("303","621","Taip","","");
INSERT INTO download VALUES("304","622","Kalsoem Jasin","","");
INSERT INTO download VALUES("305","623","Moenawaroh Soelaeman","","");
INSERT INTO download VALUES("306","624","Roemijat Hidoen","","");
INSERT INTO download VALUES("307","625","Bakri Koeitijah","","");
INSERT INTO download VALUES("308","626","Ngasini b Boekari","","");
INSERT INTO download VALUES("309","628","Soetimah b Samsoeri","","");
INSERT INTO download VALUES("310","629","Warti Warlan","","");
INSERT INTO download VALUES("311","630","Kadarijah Djari","","");
INSERT INTO download VALUES("312","631","Parman Ngastro","","");
INSERT INTO download VALUES("313","632","Wati Kardjo","","");
INSERT INTO download VALUES("314","633","Soeti Karto","","");
INSERT INTO download VALUES("315","634","Kartono Sarto","","");
INSERT INTO download VALUES("316","635","Rasin Tardjo","","");
INSERT INTO download VALUES("317","636","Fatimah Soedjak","","");
INSERT INTO download VALUES("318","637","Karni Ngasmo","","");
INSERT INTO download VALUES("319","638","Sari Ngarmo","","");
INSERT INTO download VALUES("320","639","Soesman Ngasmo","","");
INSERT INTO download VALUES("321","640","Sainem Marinem","","");
INSERT INTO download VALUES("322","641","Soemari Soewah","","");
INSERT INTO download VALUES("323","642","Seni Senin","","");
INSERT INTO download VALUES("324","643","Sardjojo Paing","","");
INSERT INTO download VALUES("325","645","Senah Soekar","","");
INSERT INTO download VALUES("326","646","Ngapijah Soeakar","","");
INSERT INTO download VALUES("327","647","Rahmad Soekar","","");
INSERT INTO download VALUES("328","648","Ngamin Soekar","","");
INSERT INTO download VALUES("329","649","Tarmi b Sarmo","","");
INSERT INTO download VALUES("330","651","Ramadi kasiroen","","");
INSERT INTO download VALUES("331","652","Moeljo soedjono","","");
INSERT INTO download VALUES("332","656","Ali Baderoen","","");
INSERT INTO download VALUES("333","657","Soedjak Sripah","","");
INSERT INTO download VALUES("334","658","soepi Seno","","");
INSERT INTO download VALUES("335","659","Soekari / Djeminah","","");
INSERT INTO download VALUES("336","660","Kasmi Ramadi","","");
INSERT INTO download VALUES("337","661","Soedjinah Nawi","","");
INSERT INTO download VALUES("338","662","Abdoelrohman Nawi","","");
INSERT INTO download VALUES("339","663","Sipan","","");
INSERT INTO download VALUES("340","665","Repi b Wardjo","","");
INSERT INTO download VALUES("341","666","Sarijah Warto","","Di jual ke pada Sukadi pada Tgl. 02.02.1994");
INSERT INTO download VALUES("342","667","Soejatin Paat","","");
INSERT INTO download VALUES("343","669","Soedar Noerjoedi","","");
INSERT INTO download VALUES("344","670","Soemijah Toredjo","","");
INSERT INTO download VALUES("345","671","Parman Tarminah","","");
INSERT INTO download VALUES("346","672","Goeman Kamin","","");
INSERT INTO download VALUES("347","674","Djoemi Djojo","","");
INSERT INTO download VALUES("348","675","Sawi Kasman","","");
INSERT INTO download VALUES("349","676","Sarto Sajam","","");
INSERT INTO download VALUES("350","677","Kardi Kasmo","","");
INSERT INTO download VALUES("351","678","Toemani Sarmoedji","","");
INSERT INTO download VALUES("352","679","Ngarpan Rasih","","");
INSERT INTO download VALUES("353","680","Redjo Martono","","");
INSERT INTO download VALUES("354","683","Soemari Saboe","","");
INSERT INTO download VALUES("355","684","Kaseni Saboe","","");
INSERT INTO download VALUES("356","685","Moehamin Saboe","","");
INSERT INTO download VALUES("357","686","Soelati Saboe","","");
INSERT INTO download VALUES("358","687","Moekri Saboe","","");
INSERT INTO download VALUES("359","688","Berori H Doerohman","","");
INSERT INTO download VALUES("360","689","Senah Kromo","","");
INSERT INTO download VALUES("361","690","Sadam Kromo","","P.A Tgl 05.09.2007 atas nama Abdul Ghofur. Luas= 556 m2");
INSERT INTO download VALUES("362","691","Sabidi Karman","","");
INSERT INTO download VALUES("363","692","Kasri Karmin","","");
INSERT INTO download VALUES("364","694","Dasoemi Kaswan","","");
INSERT INTO download VALUES("365","695","Soedjali Ngar","","");
INSERT INTO download VALUES("366","696","Soelijah Sasenoe","","");
INSERT INTO download VALUES("367","697","Kemisah Sasenoe","","");
INSERT INTO download VALUES("368","698","Wardi Sasenoe","","");
INSERT INTO download VALUES("369","699","Krobo Sasenoe","","");
INSERT INTO download VALUES("370","700","Dasran Sasaemi","","P.A Tgl 05.09.2007 atas nama Kemisah luas= 218 m2");
INSERT INTO download VALUES("371","701","Keman Dremo","","");
INSERT INTO download VALUES("372","703","Mastoer H b Kaer","","");
INSERT INTO download VALUES("373","704","Rakati/ Dardi","","");
INSERT INTO download VALUES("374","705","Hardjo","","Sualman Sunardi");
INSERT INTO download VALUES("375","706","Soewarno","","");
INSERT INTO download VALUES("376","707","Soemartono b Soemantri","","No persil 39 SIII, dan 64 SI keterangan BK ");
INSERT INTO download VALUES("377","708","Soemantri Al Kardi","","");
INSERT INTO download VALUES("378","709","Sarman / Roebijah","","");
INSERT INTO download VALUES("379","710","Sarman Somoredjo","","");
INSERT INTO download VALUES("380","711","Jati b Marjani","","");
INSERT INTO download VALUES("381","714","Soepari Sarmani","","");
INSERT INTO download VALUES("382","715","Soentarijah b Denan","","");
INSERT INTO download VALUES("383","716","Desoep b Soedjak","","Tgl 10.02.1979 dijual kepada Johar");
INSERT INTO download VALUES("384","717","Aliman","","");
INSERT INTO download VALUES("385","718","Toha Soedjak","","");
INSERT INTO download VALUES("386","722","Saeman b Niti","","");
INSERT INTO download VALUES("387","727","Soeminah Kasnan","","");
INSERT INTO download VALUES("388","723","Badi b Mitro","","");
INSERT INTO download VALUES("389","724","Sardan / Rat","","");
INSERT INTO download VALUES("390","725","Matredjo / Roeti","","atas nama Subut ( seluas kurang lebih 245 m2 ) P.A sms 2008");
INSERT INTO download VALUES("391","726","Isman b Soejono","","");
INSERT INTO download VALUES("392","729","moesriatoen Djajoen","","");
INSERT INTO download VALUES("393","730","Kamari b Sarmo","","");
INSERT INTO download VALUES("394","731","Slamet b Sasmo","","");
INSERT INTO download VALUES("395","732","Roemini b Sasmo","","");
INSERT INTO download VALUES("396","733","Soerati b Sasmo","","");
INSERT INTO download VALUES("397","734","Kasep b Sasmo","","");
INSERT INTO download VALUES("398","735","Ripah b Baheni","","");
INSERT INTO download VALUES("399","736","Rahmad b Soepar","","");
INSERT INTO download VALUES("400","737","Ngapijah b Ngalim","","");
INSERT INTO download VALUES("401","738","Ngasini b Gani","","");
INSERT INTO download VALUES("402","740","Kasemah b Nastro","","");
INSERT INTO download VALUES("403","741","Ngatini b Nastro","","");
INSERT INTO download VALUES("404","742","Darsini b Nastro","","");
INSERT INTO download VALUES("405","743","Lasmi b Nastro","","");
INSERT INTO download VALUES("406","744","Djoembari Ngalim","","");
INSERT INTO download VALUES("407","745","Saeri Kardi","","");
INSERT INTO download VALUES("408","746","Roekajah Kardi","","");
INSERT INTO download VALUES("409","747","Marni Karjani","","");
INSERT INTO download VALUES("410","748","Ramini b Soetar","","");
INSERT INTO download VALUES("411","750","Toeroes b Soeman","","");
INSERT INTO download VALUES("412","751","Kaeri b Kadar","","");
INSERT INTO download VALUES("413","752","Soemiatoen b Redjo","","");
INSERT INTO download VALUES("414","754","Soebi B Darmo","","");
INSERT INTO download VALUES("415","755","Karsidah B Soeri","","");
INSERT INTO download VALUES("416","756","Sarkani b Wardjo","","");
INSERT INTO download VALUES("417","758","Ngasijah Senan","","");
INSERT INTO download VALUES("418","759","Marmah Medjo","","");
INSERT INTO download VALUES("419","760","Wartam Kaswan","","");
INSERT INTO download VALUES("420","761","Karto Sarkoen","","");
INSERT INTO download VALUES("421","762","Warti b Jadi","","");
INSERT INTO download VALUES("422","763","Roeimah b Boenawi","","");
INSERT INTO download VALUES("423","764","Kamsin b Sarman","","");
INSERT INTO download VALUES("424","765","Kasmani b Ngasdjo","","");
INSERT INTO download VALUES("425","766","Soenawi Sarwan","","");
INSERT INTO download VALUES("426","767","Marah b Doelrohman","","");
INSERT INTO download VALUES("427","768","Tarjoeni b Doelrohman","","");
INSERT INTO download VALUES("428","770","Soedarno b Tiko","","");
INSERT INTO download VALUES("429","771","Bakri Badroen","","");
INSERT INTO download VALUES("430","772","Sarpi b Rasmini","","");
INSERT INTO download VALUES("431","773","Ratman Saodah","","");
INSERT INTO download VALUES("432","774","Soerati b Harto","","");
INSERT INTO download VALUES("433","775","Kasti b Harto","","");
INSERT INTO download VALUES("434","777","Satimah","","");
INSERT INTO download VALUES("435","778","Soepar","","");
INSERT INTO download VALUES("436","779","Kadari","","");
INSERT INTO download VALUES("437","780","Rachman","","");
INSERT INTO download VALUES("438","781","Rasmi","","");
INSERT INTO download VALUES("439","782","Sastroredjo","","");
INSERT INTO download VALUES("440","783","Samad","","");
INSERT INTO download VALUES("441","784","Parni","","");
INSERT INTO download VALUES("442","785","Makroep","","");
INSERT INTO download VALUES("443","786","Sapoean b Sapan","","");
INSERT INTO download VALUES("444","787","Doelmoekti b Iksan H","","");
INSERT INTO download VALUES("445","788","Soesia b Benawi","","");
INSERT INTO download VALUES("446","789","Rasem b Mamrodji","","");
INSERT INTO download VALUES("447","790","Kartimah","","");
INSERT INTO download VALUES("448","791","Roetijah b NoerJoedi","","");
INSERT INTO download VALUES("449","792","Soedarno b Kobro","","");
INSERT INTO download VALUES("450","793","Kamin b Sasmi","","");
INSERT INTO download VALUES("451","794","Siti Rohmah","","");
INSERT INTO download VALUES("452","795","Marwan","","");
INSERT INTO download VALUES("453","796","Marmah","","");
INSERT INTO download VALUES("454","797","Karno Roemijati","","");
INSERT INTO download VALUES("455","798","Kastawi Merto","","");
INSERT INTO download VALUES("456","799","Kasmah Soejono","","");
INSERT INTO download VALUES("457","800","Karmo Sosal","","");
INSERT INTO download VALUES("458","801","Toenadi Lastro","","");
INSERT INTO download VALUES("459","802","Soetirah Tiko","","");
INSERT INTO download VALUES("460","803","Marwan Sedan","","");
INSERT INTO download VALUES("461","804","Komarijah Doeriman","","");
INSERT INTO download VALUES("462","805","Siswo b Roesnin","","");
INSERT INTO download VALUES("463","806","Roesnin / Jaji","","");
INSERT INTO download VALUES("464","807","Moedji","","");
INSERT INTO download VALUES("465","808","Dikiwahri April","","");
INSERT INTO download VALUES("466","809","Tamrin Sapijan","","");
INSERT INTO download VALUES("467","811","Nasijah Sriati","","");
INSERT INTO download VALUES("468","812","Moesin Soedar","","");
INSERT INTO download VALUES("469","813","Desri Soedar","","");
INSERT INTO download VALUES("470","814","Mabroer Sastro","","");
INSERT INTO download VALUES("471","815","Soeari Kaswan","","");
INSERT INTO download VALUES("472","816","Sedjo Dasam","","");
INSERT INTO download VALUES("473","817","Sedjan Mitro","","");
INSERT INTO download VALUES("474","818","Sajoemi Seam","","");
INSERT INTO download VALUES("475","819","Rondijah Djajoes","","");
INSERT INTO download VALUES("476","820","Kalsoem Salam","","");
INSERT INTO download VALUES("477","821","Soelijah Salam","","");
INSERT INTO download VALUES("478","822","Moerachnah Ngari","","");
INSERT INTO download VALUES("479","823","Moenijati Sarjan","","");
INSERT INTO download VALUES("480","824","Djoembari","","");
INSERT INTO download VALUES("481","825","Istianah bt Dahlan H","","");
INSERT INTO download VALUES("482","826","Jadi Warti","","");
INSERT INTO download VALUES("483","827","Kartini Djono","","");
INSERT INTO download VALUES("484","828","Soepaedah Ngalim","","");
INSERT INTO download VALUES("485","829","Soenadi Ngalim","","");
INSERT INTO download VALUES("486","830","Soemanah Sabidi","","");
INSERT INTO download VALUES("487","831","Satiri Tin","","");
INSERT INTO download VALUES("488","832","Masitah Sokah","","");
INSERT INTO download VALUES("489","833","Moenfandilan","","");
INSERT INTO download VALUES("490","834","Samah Soekaemi","","");
INSERT INTO download VALUES("491","835","Soetimah Soemono","","");
INSERT INTO download VALUES("492","836","Sani Sarto","","");
INSERT INTO download VALUES("493","837","Satari Jami","","");
INSERT INTO download VALUES("494","838","Soegondo Jatmi","","");
INSERT INTO download VALUES("495","839","Temi Jatmi","","");
INSERT INTO download VALUES("496","840","Danoeri Moenaroh","","");
INSERT INTO download VALUES("497","841","Bero Kastoebi","","");
INSERT INTO download VALUES("498","842","Nahtim Soekaemi","","");
INSERT INTO download VALUES("499","843","Rahmad Saijah","","");
INSERT INTO download VALUES("500","844","Karsinah Somosoekar","","");
INSERT INTO download VALUES("501","845","Sajoe Soejati","","");
INSERT INTO download VALUES("502","846","Mohamad Ngatmi","","");
INSERT INTO download VALUES("503","847","Moesirah Senam","","");
INSERT INTO download VALUES("504","848","Wiski Senan","","");
INSERT INTO download VALUES("505","849","Djatmi Senan","","");
INSERT INTO download VALUES("506","850","Warman Sedan","","");
INSERT INTO download VALUES("507","851","Senah Karman","","");
INSERT INTO download VALUES("508","852","Bari Mis","","");
INSERT INTO download VALUES("509","853","Soekarti Rasin","","");
INSERT INTO download VALUES("510","854","Soemiati ","","");
INSERT INTO download VALUES("511","855","Sarman Roe","","");
INSERT INTO download VALUES("512","856","Ngarsi Keman","","");
INSERT INTO download VALUES("513","857","Karsiah Saeri","","");
INSERT INTO download VALUES("514","858","Sonah Kastawi","","");
INSERT INTO download VALUES("515","859","Soetiah","","");
INSERT INTO download VALUES("516","860","Karsinan Sarto","","");
INSERT INTO download VALUES("517","861","Sanoeri Sajat","","");
INSERT INTO download VALUES("518","862","Soepadi Poeah","","");
INSERT INTO download VALUES("519","863","Haror","","");
INSERT INTO download VALUES("520","864","Alpijah Samsoeri","","");
INSERT INTO download VALUES("521","865","Djoeremi Rasmi","","");
INSERT INTO download VALUES("522","866","Alman Sop","","");
INSERT INTO download VALUES("523","867","Siti Ngaisah Djasman","","");
INSERT INTO download VALUES("524","868","Kardan Soeminah","","");
INSERT INTO download VALUES("525","869","Rawen Senin","","");
INSERT INTO download VALUES("526","870","Abrori Soedjinah","","");
INSERT INTO download VALUES("527","871","Ahmad Oesman H","","");
INSERT INTO download VALUES("528","872","Laeni Oesman H","","");
INSERT INTO download VALUES("529","873","Koendari Sani","","");
INSERT INTO download VALUES("530","874","Tohari","","");
INSERT INTO download VALUES("531","875","Soepari","","");
INSERT INTO download VALUES("532","876","Asari Ismail","","");
INSERT INTO download VALUES("533","877","Madoeri Markomah","","");
INSERT INTO download VALUES("534","878","Benah Semito","","");
INSERT INTO download VALUES("535","879","Roemiati Karno","","");
INSERT INTO download VALUES("536","880","Soekono Slamet","","");
INSERT INTO download VALUES("537","881","soemari H Asmawi","","");
INSERT INTO download VALUES("538","882","Sakoewan Noekmi","","");
INSERT INTO download VALUES("539","883","Tarbani Soemantri","","");
INSERT INTO download VALUES("540","884","Soeparmi","","");
INSERT INTO download VALUES("541","885","Sarwin","","");
INSERT INTO download VALUES("542","886","Siti Maemonah","","");
INSERT INTO download VALUES("543","887","Ilijas H b Kas","","");
INSERT INTO download VALUES("544","888","Kaeri Somoredjo","","");
INSERT INTO download VALUES("545","889","Djoeminah Kasmani","","");
INSERT INTO download VALUES("546","890","Ratmi Kasmani","","");
INSERT INTO download VALUES("547","891","Romadhon b Kali","","");
INSERT INTO download VALUES("548","892","Sadjat Samsoeri","","");
INSERT INTO download VALUES("549","893","Djaeri","","");
INSERT INTO download VALUES("550","894","Soekri Slamet","","");
INSERT INTO download VALUES("551","895","Soetilah Ismail H","","");
INSERT INTO download VALUES("552","896","Moesafak Ratus","","");
INSERT INTO download VALUES("553","897","Ngasimah","","");
INSERT INTO download VALUES("554","898","Saoed b Sarmo","","");
INSERT INTO download VALUES("555","899","Soekar Senijah","","");
INSERT INTO download VALUES("556","900","Soetrisno Lasmi","","");
INSERT INTO download VALUES("557","901","Ngaswan Roetiah","","");
INSERT INTO download VALUES("558","902","Koesdi Oemi","","");
INSERT INTO download VALUES("559","903","Padli Jasir","","");
INSERT INTO download VALUES("560","904","Semi Siroen","","");
INSERT INTO download VALUES("561","905","Moearoh b Sadjat","","");
INSERT INTO download VALUES("562","906","Sabari Merto","","");
INSERT INTO download VALUES("563","907","Karjani Kasiran","","");
INSERT INTO download VALUES("564","908","Kabri Somoredjo","","");
INSERT INTO download VALUES("565","909","Satmi","","");
INSERT INTO download VALUES("566","910","Soetikno","","");
INSERT INTO download VALUES("567","911","Soemi","","");
INSERT INTO download VALUES("568","912","Sukiyah Kayid","","");
INSERT INTO download VALUES("569","913","Suyono Kaspiran","","");
INSERT INTO download VALUES("570","914","Rochman Mastoer","","");
INSERT INTO download VALUES("571","915","Pindriyati","","");
INSERT INTO download VALUES("572","916","Moehyoesro","","");
INSERT INTO download VALUES("573","917","Soeharyatin","","");
INSERT INTO download VALUES("574","918","Semi bt Samat","","");
INSERT INTO download VALUES("575","919","Suki bt Suwarno","","");
INSERT INTO download VALUES("576","920","Harsono / Karsih","","");
INSERT INTO download VALUES("577","921","Werodaman / Sosi","","");
INSERT INTO download VALUES("578","922","Suyadi b Ruji","","");
INSERT INTO download VALUES("579","923","Rumani  Tumani","","");
INSERT INTO download VALUES("580","924","Dasuri Tumani","","");
INSERT INTO download VALUES("581","925","Sri Wanti Tumani","","");
INSERT INTO download VALUES("582","926","Sulasni Padi","","");
INSERT INTO download VALUES("583","927","Sutoyo Suwar","","");
INSERT INTO download VALUES("584","928","Suyono Sardan","","");
INSERT INTO download VALUES("585","929","Kasmah Slamet","","");
INSERT INTO download VALUES("586","930","Narso b Sartokilah","","");
INSERT INTO download VALUES("587","931","Suwarno Somerto","","");
INSERT INTO download VALUES("588","932","Karsih Mardi","","");
INSERT INTO download VALUES("589","933","Suwandi Wardi","","");
INSERT INTO download VALUES("590","934","Jambari Dasmui","","Habis");
INSERT INTO download VALUES("591","935","Sriah Dasmui","","");
INSERT INTO download VALUES("592","937","Soyi b Kadam","","");
INSERT INTO download VALUES("593","936","Siswati b Kasirun","","");
INSERT INTO download VALUES("594","938","Remi b Suwito","","DIJUAL SUJIATI");
INSERT INTO download VALUES("595","939","Suyatmi Suwar","","");
INSERT INTO download VALUES("596","940","Kasmini Kasdan","","");
INSERT INTO download VALUES("597","941","Manisi Sibun","","");
INSERT INTO download VALUES("598","942","Parti Sarman","","");
INSERT INTO download VALUES("599","943","Suwarto Sastrorejo","","");
INSERT INTO download VALUES("600","944","Sasmo b Seto","","");
INSERT INTO download VALUES("601","945","Kobro Kastari","","");
INSERT INTO download VALUES("602","946","Karni Warjo","","");
INSERT INTO download VALUES("603","947","Sumiati Toha","","");
INSERT INTO download VALUES("604","948","Tono Sujono","","");
INSERT INTO download VALUES("605","949","Suniti b Djono","","");
INSERT INTO download VALUES("606","950","Kadi b Kasmo","","");
INSERT INTO download VALUES("607","951","Idah bt Mardi","","");
INSERT INTO download VALUES("608","952","Mohamad Yunus bt Harman","","");
INSERT INTO download VALUES("609","953","Sumani Sardan","","");
INSERT INTO download VALUES("610","954","Solikin Setin","","");
INSERT INTO download VALUES("611","955","Abidin Kusen","","");
INSERT INTO download VALUES("612","956","Sumi Sudjak","","");
INSERT INTO download VALUES("613","957","Karti bt Mardi","","");
INSERT INTO download VALUES("614","958","Darsih Bt Kasmo Bero","","");
INSERT INTO download VALUES("615","959","Watini Bt Sutomo","","");
INSERT INTO download VALUES("616","960","Sani b Sudiran","","");
INSERT INTO download VALUES("617","961","Kemi Bt Suran","","");
INSERT INTO download VALUES("618","962","Karman b Manroji","","");
INSERT INTO download VALUES("619","963","Royanah bt Astrojono","","");
INSERT INTO download VALUES("620","964","Ngasmi bt Amatsarip","","");
INSERT INTO download VALUES("621","965","Sukar b Sarto","","");
INSERT INTO download VALUES("622","966","Siti Khamin","","");
INSERT INTO download VALUES("623","967","Senawi Kardi","","");
INSERT INTO download VALUES("624","968","Sukono b Samin","","");
INSERT INTO download VALUES("625","969","Ngaseri b Keman","","");
INSERT INTO download VALUES("626","970","Sonah bt Kastawi","","");
INSERT INTO download VALUES("627","971","Rukini Bt Timin","","");
INSERT INTO download VALUES("628","972","Nastiah bt Reban","","");
INSERT INTO download VALUES("629","973","Mashud Mastur","","");
INSERT INTO download VALUES("630","975","Kaelani Mastur","","");
INSERT INTO download VALUES("631","976","Mufadillah Kasan","","");
INSERT INTO download VALUES("632","977","Sinom bt H Dulsalam","","");
INSERT INTO download VALUES("633","978","Maehmud Masud","","");
INSERT INTO download VALUES("634","979","Suudi H Azali","","");
INSERT INTO download VALUES("635","980","Nasiin Salman","","");
INSERT INTO download VALUES("636","981","Alman Mursid","","");
INSERT INTO download VALUES("637","982","Suciati Sudarmo","","");
INSERT INTO download VALUES("638","983","Juhar b Rasmin","","");
INSERT INTO download VALUES("639","984","Sunaryah bt Sukemi","","");
INSERT INTO download VALUES("640","985","Mudaroji Jambari","","");
INSERT INTO download VALUES("641","986","Salmin Mesir","","");
INSERT INTO download VALUES("642","987","Suat Kamsari","","");
INSERT INTO download VALUES("643","988","Karmi Pardi","","");
INSERT INTO download VALUES("644","999","Sakroni Kamin","","");
INSERT INTO download VALUES("645","989","Suliyah Salam","","");
INSERT INTO download VALUES("646","990","Sutimah Sarjo","","");
INSERT INTO download VALUES("647","991","Atmi Sawon","","");
INSERT INTO download VALUES("648","993","Badriyah Sinuwan","","");
INSERT INTO download VALUES("649","994","Djayus Yasin","","");
INSERT INTO download VALUES("650","992","Bedjo Mesir","","");
INSERT INTO download VALUES("651","995","Muji Somo","","");
INSERT INTO download VALUES("652","996","Kunyaeni Subi","","");
INSERT INTO download VALUES("653","997","Nurhayati Tisnak","","");
INSERT INTO download VALUES("654","998","Ansyori Bero","","");
INSERT INTO download VALUES("655","1000","Ruji Suyadi","","");
INSERT INTO download VALUES("656","1001","Suamat b Samijan","","");
INSERT INTO download VALUES("657","1002","Karyadi Surati","","");
INSERT INTO download VALUES("658","1003","Rupiah bt Kusan","","");
INSERT INTO download VALUES("659","1004","Kusnan Kartiah","","");
INSERT INTO download VALUES("660","1005","Abas Siah","","");
INSERT INTO download VALUES("661","1006","Mani Bt Joyo","","");
INSERT INTO download VALUES("662","1007","Ngasin Saki","","");
INSERT INTO download VALUES("663","1008","Dariyah Tarmi","","");
INSERT INTO download VALUES("664","1009","Tiah Kumzari","","");
INSERT INTO download VALUES("665","1010","Juni Averi","","");
INSERT INTO download VALUES("666","1011","Waginah Kasman","","");
INSERT INTO download VALUES("667","1012","Jumini Bt Nasir","","");
INSERT INTO download VALUES("668","1013","Warjoyo","","");
INSERT INTO download VALUES("669","1014","Agus Muhamad Muntalip Sutikno","","");
INSERT INTO download VALUES("670","1015","Suwarni Sunari","","");
INSERT INTO download VALUES("671","1016","Suryadi Kunaryo","","");
INSERT INTO download VALUES("672","1017","Diki Fahmi April","","");
INSERT INTO download VALUES("673","1018","Sujiah Piran","","");
INSERT INTO download VALUES("674","1019","Isro b Nurjudi","","");
INSERT INTO download VALUES("675","1020","Parni Sarmo","","");
INSERT INTO download VALUES("676","1021","Supi Miun","","");
INSERT INTO download VALUES("677","1022","Kemisah Reso","","");
INSERT INTO download VALUES("678","1023","Sukarman Kartoredjo","","");
INSERT INTO download VALUES("679","1025","Karto Kastawi","","");
INSERT INTO download VALUES("680","1024","Ikhsan Salel","","");
INSERT INTO download VALUES("681","1027","H Masduki b H Noerjudi","","");
INSERT INTO download VALUES("682","1028","Parni bt Sudiran","","");
INSERT INTO download VALUES("683","1029","Rumtiyah","","");
INSERT INTO download VALUES("684","1030","Suli Ruspan","","");
INSERT INTO download VALUES("685","1031","Juriyah Mukri","","");
INSERT INTO download VALUES("686","1032","Karno Rumiati","","");
INSERT INTO download VALUES("687","1033","Giyo / Tun","","");
INSERT INTO download VALUES("688","1034","Saryem Martourip","","");
INSERT INTO download VALUES("689","1035","Jayem bt Semin","","");
INSERT INTO download VALUES("690","1036","Sutimah bt Semin","","");
INSERT INTO download VALUES("691","1037","Punadi Lastro","","");
INSERT INTO download VALUES("692","1038","Ani Suriyah","","");
INSERT INTO download VALUES("693","1039","Gunadi Kahar","","");
INSERT INTO download VALUES("694","1040","Sudar","","");
INSERT INTO download VALUES("695","1041","Supar Ruminingsih","","");
INSERT INTO download VALUES("696","1042","semah Sudiro","","");
INSERT INTO download VALUES("697","1043","Harjo Rupingi","","");
INSERT INTO download VALUES("698","1044","Senah Yasin","","");
INSERT INTO download VALUES("699","1045","Alwan","","");
INSERT INTO download VALUES("700","1046","Suwaji / Tunah","","");
INSERT INTO download VALUES("701","1047","Suyoto b Kusen","","");
INSERT INTO download VALUES("702","1048","Zaenun alwan","","");
INSERT INTO download VALUES("703","1049","Ngaiman Maryamah","","");
INSERT INTO download VALUES("704","1050","Suhud  Iyakl","","");
INSERT INTO download VALUES("705","1051","Ngarsin Keman","","");
INSERT INTO download VALUES("706","1053","Biat Semito","","");
INSERT INTO download VALUES("707","1054","Jumik bt Semito","","");
INSERT INTO download VALUES("708","1055","Kumyati Ratmin","","");
INSERT INTO download VALUES("709","1056","Dasuki b Sejan","","");
INSERT INTO download VALUES("710","1057","Isri b Sejan","","");
INSERT INTO download VALUES("711","1058","Mundrikah Selas","","");
INSERT INTO download VALUES("712","1059","Suwati bt Djastro","","");
INSERT INTO download VALUES("713","974","Abrori / Sujinah","","");
INSERT INTO download VALUES("714","1060","Tumono","","");
INSERT INTO download VALUES("715","1061","Sleman Sutiah","","");
INSERT INTO download VALUES("716","1062","kasmuri Suki","","");
INSERT INTO download VALUES("717","1063","Sukadi B Kasmo","","");
INSERT INTO download VALUES("718","1064","Sukiyah bt Kasmo","","");
INSERT INTO download VALUES("719","1065","Suki Kamin","","");
INSERT INTO download VALUES("720","1066","Kasman / Darwati","","");
INSERT INTO download VALUES("721","1067","Taswo b Suwan","","");
INSERT INTO download VALUES("722","1068","Kemisah bt Lawen","","");
INSERT INTO download VALUES("723","1069","Subari Sop","","");
INSERT INTO download VALUES("724","1070","Ariyah H Asari","","");
INSERT INTO download VALUES("725","1071","Mudrikah bt Sapii","","");
INSERT INTO download VALUES("726","1072","Nasori / Sakdiyah","","");
INSERT INTO download VALUES("727","1073","Sochali","","");
INSERT INTO download VALUES("728","1074","Sakroni b Mustari","","");
INSERT INTO download VALUES("729","1075","Masro b Sapto","","");
INSERT INTO download VALUES("730","1076","Kartono Sarto","","");
INSERT INTO download VALUES("731","1077","Rejo Kobro","","");
INSERT INTO download VALUES("732","1078","Kasmari Isman","","");
INSERT INTO download VALUES("733","1079","Lasmi Kadam","","");
INSERT INTO download VALUES("734","1082","Suyono Mastur","","");
INSERT INTO download VALUES("735","1083","Ngari Sopyan","","");
INSERT INTO download VALUES("736","1084","Imronah bt Jumbari","","");
INSERT INTO download VALUES("737","1085","Kamid Rondiyah","","");
INSERT INTO download VALUES("738","1086","sujo Rohanah","","");
INSERT INTO download VALUES("739","1087","Sulati bt Asmuni","","");
INSERT INTO download VALUES("740","1088","Kasiyah bt Asmuni","","");
INSERT INTO download VALUES("741","1089","Karsiyah bt Jayan","","");
INSERT INTO download VALUES("742","1090","Mardi","","");
INSERT INTO download VALUES("743","1092","Senawi Sarman","","");
INSERT INTO download VALUES("744","1093","Parno Sarman","","");
INSERT INTO download VALUES("745","1094","Simah bt Sarman","","");
INSERT INTO download VALUES("746","1095","Sumi bt Narso","","");
INSERT INTO download VALUES("747","1096","Sumanto Mamroji","","");
INSERT INTO download VALUES("748","1097","Kiswati bt Mamroji","","");
INSERT INTO download VALUES("749","1098","Warman Bt Sedan","","");
INSERT INTO download VALUES("750","1099","Mohamad Slamet","","");
INSERT INTO download VALUES("751","1100","Surati bt Sedan","","");
INSERT INTO download VALUES("752","1101","Kartini Darkiyah","","");
INSERT INTO download VALUES("753","1102","Danuri Tijah","","");
INSERT INTO download VALUES("754","1103","Sunadi Ngalim","","");
INSERT INTO download VALUES("755","1104","Supi Sugi","","");
INSERT INTO download VALUES("756","1105","Kamsin Suminah","","");
INSERT INTO download VALUES("757","1106","Pardi Sawon","","");
INSERT INTO download VALUES("758","1107","Surani Royanah","","");
INSERT INTO download VALUES("759","1108","Nursuci Sudir","","");
INSERT INTO download VALUES("760","1109","Sumito / Solekah","","");
INSERT INTO download VALUES("761","1110","Kemat Palil","","");
INSERT INTO download VALUES("762","1111","Sumiah Al Darus","","");
INSERT INTO download VALUES("763","1112","Kiyah bt Sarkan","","");
INSERT INTO download VALUES("764","1113","Jasri b Mohamad","","");
INSERT INTO download VALUES("765","1114","Lahadi / Maryati","","");
INSERT INTO download VALUES("766","1115","Sukadi Wartam","","");
INSERT INTO download VALUES("767","1116","Nurjanah","","");
INSERT INTO download VALUES("768","1117","Komariyah","","");
INSERT INTO download VALUES("769","1118","Katijah","","");
INSERT INTO download VALUES("770","1119","Mundakir","","");
INSERT INTO download VALUES("771","1123","Sujiati","","");
INSERT INTO download VALUES("772","1124","Patimah Jambari","","");
INSERT INTO download VALUES("773","1125","Sukamto","","");
INSERT INTO download VALUES("774","1126","Kuntiyah","","");
INSERT INTO download VALUES("775","1127","Ekromi","","");
INSERT INTO download VALUES("776","1129","Maesaezarop Kuzaeri","","");
INSERT INTO download VALUES("777","1130","Usup Al Djonah","","");
INSERT INTO download VALUES("778","1131","Supadi Marpuah","","");
INSERT INTO download VALUES("779","1132","Basri Sadjad","","");
INSERT INTO download VALUES("780","1133","Jaman","","");
INSERT INTO download VALUES("781","1134","Samsu","","");
INSERT INTO download VALUES("782","1135","Warno","","");
INSERT INTO download VALUES("783","1136","Mani Sajiah","","");
INSERT INTO download VALUES("784","1137","Sanuri Rukini","","");
INSERT INTO download VALUES("785","1139","Sonah Saryan","","");
INSERT INTO download VALUES("786","1142","Sonah Kastawi","","");
INSERT INTO download VALUES("787","1143","Mani Sajiyah","","");
INSERT INTO download VALUES("788","1144","Susman Parti","","");
INSERT INTO download VALUES("789","1146","Kasdi Kasman","","");
INSERT INTO download VALUES("790","1147","Ratmi Barikiman","","");
INSERT INTO download VALUES("791","1148","Dariyati Kondori","","");
INSERT INTO download VALUES("792","1149","Kusno Miah","","");
INSERT INTO download VALUES("793","1150","Rabawi Kasmani","","");
INSERT INTO download VALUES("794","1152","Sulyat Senab","","");
INSERT INTO download VALUES("795","1153","Djuminah","","");
INSERT INTO download VALUES("796","1154","Rumtiyah","","");
INSERT INTO download VALUES("797","1155","Kastawi","","");
INSERT INTO download VALUES("798","1156","Marni Karyani","","");
INSERT INTO download VALUES("799","1157","Rusiyah","","");
INSERT INTO download VALUES("800","1158","Sukar","","");
INSERT INTO download VALUES("801","1159","Seni Slamet","","");
INSERT INTO download VALUES("802","1160","Slamet Sakdiyah","","");
INSERT INTO download VALUES("803","1161","Jayem Marni","","");
INSERT INTO download VALUES("804","1162","Mulyadi Karto","","");
INSERT INTO download VALUES("805","1163","Ruliyah","","");
INSERT INTO download VALUES("806","1164","Senin Kaeri","","");
INSERT INTO download VALUES("807","1165","Suti Tarjo","","");
INSERT INTO download VALUES("808","1166","Susiyo Suyati","","");
INSERT INTO download VALUES("809","1128","Turus Suman","","");
INSERT INTO download VALUES("810","1169","Kasman Slamet","","");
INSERT INTO download VALUES("811","1170","Jaenab","","");
INSERT INTO download VALUES("812","1171","Masamah","","");
INSERT INTO download VALUES("813","1172","Rochmat Ngatiman","","");
INSERT INTO download VALUES("814","1173","Ribut","","");
INSERT INTO download VALUES("815","1174","Supri b Harno","","");
INSERT INTO download VALUES("816","1175","Sri H Mashuri","","");
INSERT INTO download VALUES("817","1120","Mustakhim Cs","","");
INSERT INTO download VALUES("818","1138","Karti Sayudi","","");
INSERT INTO download VALUES("819","1140","Kamdi B Karso","","");
INSERT INTO download VALUES("820","1151","Siswanto Muntoha","","");
INSERT INTO download VALUES("821","1176","Siti Sri Rejeki Sayem","","");
INSERT INTO download VALUES("822","1178","Tukiyah Kemi","","");
INSERT INTO download VALUES("823","1180","Sulimah","","");
INSERT INTO download VALUES("824","1183","Semi bt Jenak","","");
INSERT INTO download VALUES("825","1184","Joyo Darmi","","");
INSERT INTO download VALUES("826","1186","Tarjo Suti","","");
INSERT INTO download VALUES("827","1188","Sumiah Miun","","");
INSERT INTO download VALUES("828","1190","RaKiyo","","");
INSERT INTO download VALUES("829","1192","Musirah Senan","","");
INSERT INTO download VALUES("830","1194","Tumijan","","");
INSERT INTO download VALUES("831","1195","Pardi Rembyuk","","");
INSERT INTO download VALUES("832","1197","Suradji","","");
INSERT INTO download VALUES("833","1191","Rusmi","","");
INSERT INTO download VALUES("834","1193","Sulistyowati","","");
INSERT INTO download VALUES("835","1198","Murtemu Karmi","","");
INSERT INTO download VALUES("836","1199","Sadi Sutiyah","","");
INSERT INTO download VALUES("837","1200","Abdul  Rakhman","","");
INSERT INTO download VALUES("838","1201","Rasmin Sastrorejo","","");
INSERT INTO download VALUES("839","1202","Maman Sartini","","");
INSERT INTO download VALUES("840","1203","Sutoyo Sastrorejo","","");
INSERT INTO download VALUES("841","1204","Yusni","","");
INSERT INTO download VALUES("842","1206","Sampun Juwariyah","","");
INSERT INTO download VALUES("843","1205","Mariyem","","");
INSERT INTO download VALUES("844","1207","Taryono Sadi","","");
INSERT INTO download VALUES("845","1208","Sutris Darwadi","","");
INSERT INTO download VALUES("846","1209","Budi Sisworo","","");
INSERT INTO download VALUES("847","1210","Supait Kumyati","","");
INSERT INTO download VALUES("848","1211","b Suryan","","");
INSERT INTO download VALUES("849","0","Bengkok Lurah","","");
INSERT INTO download VALUES("850","0","Bengkok Kamituwo I","","");
INSERT INTO download VALUES("851","0","Bengkok Kamituwo II","","");
INSERT INTO download VALUES("852","1189","Sujoko","","");
INSERT INTO download VALUES("853","1187","Munari Maryam","","");
INSERT INTO download VALUES("854","1185","Rusiyah","","");
INSERT INTO download VALUES("855","1182","Iptitah Kumzari","","");
INSERT INTO download VALUES("856","1181","Sukarmah b Kartorejo","","");
INSERT INTO download VALUES("857","1179","Dasumi Simah","","");
INSERT INTO download VALUES("858","1177","Sripah Mamroji","","");
INSERT INTO download VALUES("859","1233","Rusdi","","");
INSERT INTO download VALUES("860","1234","Kolifah","","");
INSERT INTO download VALUES("861","1235","Wargono","","");
INSERT INTO download VALUES("862","1236","Warno","","");
INSERT INTO download VALUES("863","1237","Wasmi","","");
INSERT INTO download VALUES("864","1238","Raoyanah","","");
INSERT INTO download VALUES("865","1239","Salamun","","");
INSERT INTO download VALUES("866","1240","Caswadi","","");
INSERT INTO download VALUES("867","1241","Repi","","");
INSERT INTO download VALUES("868","1242","karsi b Sutiman","","");
INSERT INTO download VALUES("869","1243","Darwito","","");
INSERT INTO download VALUES("870","1244","Sutiyah","","");
INSERT INTO download VALUES("871","1245","M Abdul Rohim J","","");
INSERT INTO download VALUES("872","1246","Maryati","","");
INSERT INTO download VALUES("873","1247","Asiyah","","");
INSERT INTO download VALUES("874","1248","Saiyah","","");
INSERT INTO download VALUES("875","1249","Ngari","","");
INSERT INTO download VALUES("876","1250","Juremi","","");
INSERT INTO download VALUES("877","1251","Jami","","");
INSERT INTO download VALUES("878","1252","Semi","","");
INSERT INTO download VALUES("879","1253","Karyani","","");
INSERT INTO download VALUES("880","154","Nasni b wasit","","");
INSERT INTO download VALUES("881","159","Ngamin Ngasto","","");
INSERT INTO download VALUES("882","505","Sakam b Seman","","");
INSERT INTO download VALUES("883","534","Marsan Ratmo","","");
INSERT INTO download VALUES("884","545","Mamrodji Soebari","","");
INSERT INTO download VALUES("885","617","Redjo Sakarjo","","");
INSERT INTO download VALUES("886","618","Soejono Tiran","","");
INSERT INTO download VALUES("887","693","Sarti Kaswan","","Karto SM");
INSERT INTO download VALUES("888","712","Soejoko b Hadisoeroso","","");
INSERT INTO download VALUES("889","713","AStrodjono / Sind, KL","","");
INSERT INTO download VALUES("890","728","Moenadjad b Darkah","","");
INSERT INTO download VALUES("891","823","Maryati Sofyan","","");



DROP TABLE download2;

CREATE TABLE `download2` (
  `id` int(5) NOT NULL auto_increment,
  `no` int(20) NOT NULL,
  `namapemilik` varchar(80) NOT NULL,
  `name` text NOT NULL,
  `no_SPPT` text NOT NULL,
  `no_Sertificate` varchar(200) NOT NULL,
  PRIMARY KEY  (`id`)
) ENGINE=MyISAM AUTO_INCREMENT=42 DEFAULT CHARSET=latin1;

INSERT INTO download2 VALUES("1","1","Tasmin","","","");
INSERT INTO download2 VALUES("2","2","Weni Imelda","","","");
INSERT INTO download2 VALUES("3","3","Abrori","","","");
INSERT INTO download2 VALUES("4","4","Komah","","","");
INSERT INTO download2 VALUES("5","5","Rusdi","","","");
INSERT INTO download2 VALUES("6","6","Rusdi","","","");
INSERT INTO download2 VALUES("7","7","Rubaeah","","","");
INSERT INTO download2 VALUES("8","8","Sulasmi","","","");
INSERT INTO download2 VALUES("9","9","junanto","","","");
INSERT INTO download2 VALUES("10","10","Mutini","","","");
INSERT INTO download2 VALUES("11","11","Suhadi","","","");
INSERT INTO download2 VALUES("12","12","Mahdun","","","");
INSERT INTO download2 VALUES("13","13","Sakuwan","","","");
INSERT INTO download2 VALUES("14","14","Kumyati","","","");
INSERT INTO download2 VALUES("15","15","Ahmad Rofik","","","");
INSERT INTO download2 VALUES("16","16","Jambari","","","");
INSERT INTO download2 VALUES("17","17","Rina","","","");
INSERT INTO download2 VALUES("18","18","Gunadi","","","");
INSERT INTO download2 VALUES("19","19","Sugianti","","","");
INSERT INTO download2 VALUES("20","20","Ratna Impuni","","","");
INSERT INTO download2 VALUES("21","21","Budi Siswari","","","");
INSERT INTO download2 VALUES("22","22","Kartiyah","","","");
INSERT INTO download2 VALUES("23","23","Sono","","","");
INSERT INTO download2 VALUES("24","24","Waryono","","","");
INSERT INTO download2 VALUES("25","25","Sulastri","","","");
INSERT INTO download2 VALUES("26","26","Suparti","","","");
INSERT INTO download2 VALUES("27","27","Yahni","","","");
INSERT INTO download2 VALUES("28","28","Senirah","","","");
INSERT INTO download2 VALUES("29","29","Kasmah","","","");
INSERT INTO download2 VALUES("30","30","Sujo","","","");
INSERT INTO download2 VALUES("31","31","Yudian","","","");
INSERT INTO download2 VALUES("32","32","Suroso","","","");
INSERT INTO download2 VALUES("33","33","Kadi Kardi","","","");
INSERT INTO download2 VALUES("34","34","Supardi","","","");
INSERT INTO download2 VALUES("35","35","Suahmad","","","");
INSERT INTO download2 VALUES("36","36","Suyaka","","","");
INSERT INTO download2 VALUES("37","37","Yumnah","","33.24.121.011.000-0000.0","");
INSERT INTO download2 VALUES("38","38","Yumnah","","","");
INSERT INTO download2 VALUES("40","39","Suyaka","","","");
INSERT INTO download2 VALUES("41","40","Rabani","","","");



DROP TABLE ketbaru;

CREATE TABLE `ketbaru` (
  `id` varchar(5) NOT NULL,
  `k_id` int(11) NOT NULL,
  `no_persil` varchar(20) NOT NULL,
  `kelas_desa` varchar(10) NOT NULL,
  `luas_terpindah` int(11) NOT NULL,
  `ipeda` int(11) NOT NULL,
  `dipindah` varchar(20) NOT NULL,
  `tahun_pindah` varchar(4) NOT NULL,
  `no_kohir_pindah` varchar(5) NOT NULL,
  `atasnama_pindah` varchar(20) NOT NULL,
  `klasifikasi` varchar(20) NOT NULL,
  `cdesaterkait` varchar(5) NOT NULL
) ENGINE=MyISAM DEFAULT CHARSET=latin1;

INSERT INTO ketbaru VALUES("18","1","58","DI","120","0","Jual Beli","2010","19","Sugianti","Tanah Kering","966");
INSERT INTO ketbaru VALUES("33","1","60","DI","247","0","Jual Beli","2008","34","Supardi","Tanah Kering","1106");



DROP TABLE keterangan;

CREATE TABLE `keterangan` (
  `id` varchar(5) NOT NULL,
  `k_id` int(11) NOT NULL,
  `no_persil` varchar(20) NOT NULL,
  `kelas_desa` varchar(10) NOT NULL,
  `luas_terpindah` int(11) NOT NULL,
  `ipeda` int(11) NOT NULL,
  `dipindah` varchar(20) NOT NULL,
  `tahun_pindah` varchar(4) NOT NULL,
  `no_kohir_pindah` varchar(5) NOT NULL,
  `atasnama_pindah` varchar(20) NOT NULL,
  `klasifikasi` varchar(20) NOT NULL
) ENGINE=MyISAM DEFAULT CHARSET=latin1;

INSERT INTO keterangan VALUES("7","2","26","DI","370","0","Warisan","-","919","Suki bt Suwarno","Tanah Kering");
INSERT INTO keterangan VALUES("7","2","26","DI","180","0","Lainnya","-","920","Harsono / Karsih","Tanah Kering");
INSERT INTO keterangan VALUES("8","2","37","DI","600","0","Lainnya","-","1021","Supi Miun","Tanah Kering");
INSERT INTO keterangan VALUES("8","3","50A","DI","500","0","Lainnya","-","1032","Karno Rumiati","Tanah Kering");
INSERT INTO keterangan VALUES("8","2","37","DI","450","0","Lainnya","-","1032","Karno Rumiati","Tanah Kering");
INSERT INTO keterangan VALUES("9","1","5","DI","450","0","Lainnya","1987","1102","Danuri Tijah","Tanah Kering");
INSERT INTO keterangan VALUES("9","3","6","DI","310","0","Warisan","1987","1103","Sunadi Ngalim","Tanah Kering");
INSERT INTO keterangan VALUES("10","1","8","DI","400","0","Lainnya","1986","1071","Mudrikah bt Sapii","Tanah Kering");
INSERT INTO keterangan VALUES("13","21","50A","DI","430","0","Lainnya","-","1029","Rumtiyah","Tanah Kering");
INSERT INTO keterangan VALUES("13","29","54A","DI","550","0","Lainnya","-","1154","Rumtiyah","Tanah Kering");
INSERT INTO keterangan VALUES("15","1","5","DI","500","0","Lainnya","-","1045","Alwan","Tanah Kering");
INSERT INTO keterangan VALUES("15","2","5","DI","350","0","Lainnya","1987","1087","Sulati bt Asmuni","Tanah Kering");
INSERT INTO keterangan VALUES("15","1","5","DI","150","0","Lainnya","1987","1088","Kasiyah bt Asmuni","Tanah Kering");
INSERT INTO keterangan VALUES("17","1","8","DI","850","0","Lainnya","-","979","Suudi H Azali","Tanah Kering");
INSERT INTO keterangan VALUES("17","2","8","DI","170","0","Lainnya","-","979","Suudi H Azali","Tanah Kering");
INSERT INTO keterangan VALUES("17","3","8","DI","180","0","Lainnya","-","979","Suudi H Azali","Tanah Kering");
INSERT INTO keterangan VALUES("18","1","21","DII","490","0","Lainnya","-","920","Harsono / Karsih","Tanah Kering");
INSERT INTO keterangan VALUES("20","1","6","DI","450","0","Lainnya","1987","1085","Kamid Rondiyah","Tanah Kering");
INSERT INTO keterangan VALUES("21","1","2","DII","840","0","Lainnya","-","989","Suliyah Salam","Tanah Kering");
INSERT INTO keterangan VALUES("22","1","20","SII","4400","0","Lainnya","1989","1124","Patimah Jambari","Sawah");
INSERT INTO keterangan VALUES("22","2","5","DI","400","0","Lainnya","-","1048","Zaenun alwan","Tanah Kering");
INSERT INTO keterangan VALUES("22","3","5","DI","600","0","Lainnya","-","987","Suat Kamsari","Tanah Kering");
INSERT INTO keterangan VALUES("22","2","5","DI","600","0","Lainnya","1989","1124","Patimah Jambari","Tanah Kering");
INSERT INTO keterangan VALUES("24","1","5","DI","250","0","Lainnya","-","990","Sutimah Sarjo","Tanah Kering");
INSERT INTO keterangan VALUES("25","4","5","DI","170","0","Lainnya","1989","1119","Mundakir","Tanah Kering");
INSERT INTO keterangan VALUES("27","4","19","DI","550","0","Lainnya","-","1101","Kartini Darkiyah","Tanah Kering");
INSERT INTO keterangan VALUES("27","5","19","DI","420","0","Lainnya","-","990","Sutimah Sarjo","Tanah Kering");
INSERT INTO keterangan VALUES("32","3","37","DI","250","0","Lainnya","1989","1146","Kasdi Kasman","Tanah Kering");
INSERT INTO keterangan VALUES("32","4","37","DI","800","0","Lainnya","-","922","Suyadi b Ruji","Tanah Kering");
INSERT INTO keterangan VALUES("36","1","5","DI","650","0","Lainnya","-","976","Mufadillah Kasan","Tanah Kering");
INSERT INTO keterangan VALUES("37","5","61A","DI","400","0","Lainnya","-","1047","Suyoto b Kusen","Tanah Kering");
INSERT INTO keterangan VALUES("45","2","5","DI","1330","0","Lainnya","-","978","Maehmud Masud","Tanah Kering");
INSERT INTO keterangan VALUES("47","1","25","DI","550","0","Lainnya","-","945","Kobro Kastari","Tanah Kering");
INSERT INTO keterangan VALUES("50","1","60","DI","170","0","Lainnya","-","923","Rumani  Tumani","Tanah Kering");
INSERT INTO keterangan VALUES("50","1","60","DI","210","0","Lainnya","-","924","Dasuri Tumani","Tanah Kering");
INSERT INTO keterangan VALUES("50","1","60","DI","160","0","Lainnya","-","925","Suwanti Tumani","Tanah Kering");
INSERT INTO keterangan VALUES("51","1","54A","DI","820","0","Lainnya","-","1210","Supait Kumyati","Tanah Kering");
INSERT INTO keterangan VALUES("53","1","49","DI","1350","0","Lainnya","1990","1149","Kusno Miah","Tanah Kering");
INSERT INTO keterangan VALUES("55","2","5","DI","500","0","Lainnya","1989","1125","Sukamto","Tanah Kering");
INSERT INTO keterangan VALUES("61","1","56","DI","250","0","Lainnya","-","1095","Sumi bt Narso","Tanah Kering");
INSERT INTO keterangan VALUES("63","1","49","DI","210","0","Lainnya","-","1000","Ruji Suyadi","Tanah Kering");
INSERT INTO keterangan VALUES("68","3","49","DI","560","0","Lainnya","-","997","Nurhayati Tisnak","Tanah Kering");
INSERT INTO keterangan VALUES("68","4","49","DI","750","0","Lainnya","-","1018","Sujiah Piran","Tanah Kering");
INSERT INTO keterangan VALUES("68","6","65","DI","200","0","Lainnya","-","1018","Sujiah Piran","Tanah Kering");
INSERT INTO keterangan VALUES("69","1","61B","DII","250","0","Lainnya","1986","1060","Tumono","Tanah Kering");
INSERT INTO keterangan VALUES("85","1","6","DI","300","0","Lainnya","-","1140","Kamdi B Karso","Tanah Kering");
INSERT INTO keterangan VALUES("95","1","26","DI","350","0","Lainnya","-","933","Suwandi Wardi","Tanah Kering");
INSERT INTO keterangan VALUES("97","1","25","DI","240","0","Lainnya","-","1050","Suhud  Iyakl","Tanah Kering");
INSERT INTO keterangan VALUES("97","3","25","DI","170","0","Lainnya","-","1051","Ngarsin Keman","Tanah Kering");
INSERT INTO keterangan VALUES("39","1","63","DI","1050","0","Lainnya","1986","1063","Sukadi B Kasmo","Tanah Kering");
INSERT INTO keterangan VALUES("39","1","63","DI","1040","0","Lainnya","1986","1064","Sukiyah bt Kasmo","Tanah Kering");
INSERT INTO keterangan VALUES("106","1","41","DI","220","0","Lainnya","1989","1133","Jaman","Tanah Kering");
INSERT INTO keterangan VALUES("106","1","41","DI","230","0","Lainnya","1989","1134","Samsu","Tanah Kering");
INSERT INTO keterangan VALUES("106","2","41","DI","260","0","Lainnya","1989","1135","Warno","Tanah Kering");
INSERT INTO keterangan VALUES("109","2","49","DI","460","0","Lainnya","-","1166","Susiyo Suyati","Tanah Kering");
INSERT INTO keterangan VALUES("114","1","29","SII","2320","0","Lainnya","-","1194","Tumijan","Sawah");
INSERT INTO keterangan VALUES("116","1","57","DI","280","0","Lainnya","-","1097","Kiswati bt Mamroji","Tanah Kering");
INSERT INTO keterangan VALUES("118","1","60","DI","280","0","Lainnya","1987","1090","Mardi","Tanah Kering");
INSERT INTO keterangan VALUES("118","1","60","DI","210","0","Lainnya","1988","1112","Kiyah bt Sarkan","Tanah Kering");
INSERT INTO keterangan VALUES("119","1","65","DI","1450","0","Lainnya","1986","1075","Masro b Sapto","Tanah Kering");
INSERT INTO keterangan VALUES("119","1","65","DI","1000","0","Lainnya","1986","1076","Kartono Sarto","Tanah Kering");
INSERT INTO keterangan VALUES("120","1","60","DI","300","0","Lainnya","1986","1065","Suki Kamin","Tanah Kering");
INSERT INTO keterangan VALUES("98","1","25","DI","230","0","Lainnya","-","952","Mohamad Yunus bt Har","Tanah Kering");
INSERT INTO keterangan VALUES("126","1","61B","DI","140","0","Lainnya","1990","1178","Tukiyah Kemi","Tanah Kering");
INSERT INTO keterangan VALUES("127","1","63","DI","400","0","Lainnya","1988","1109","Sumito / Solekah","Tanah Kering");
INSERT INTO keterangan VALUES("140","1","63","DI","600","0","Lainnya","-","953","Sumani Sardan","Tanah Kering");
INSERT INTO keterangan VALUES("140","1","63","DI","350","0","Lainnya","-","954","Solikin Setin","Tanah Kering");
INSERT INTO keterangan VALUES("145","1","5","DI","600","0","Lainnya","1989","1117","Komariyah","Tanah Kering");
INSERT INTO keterangan VALUES("151","2","61A","DI","650","0","Lainnya","-","1006","Mani Bt Joyo","Tanah Kering");
INSERT INTO keterangan VALUES("154","1","60","DI","180","0","Lainnya","-","991","Atmi Sawon","Tanah Kering");
INSERT INTO keterangan VALUES("160","1","5","DI","260","0","Lainnya","-","990","Sutimah Sarjo","Tanah Kering");
INSERT INTO keterangan VALUES("164","2","54A","DI","220","0","Lainnya","-","1046","Suwaji / Tunah","Tanah Kering");
INSERT INTO keterangan VALUES("168","1","37","DI","300","0","Lainnya","-","1188","Sumiah Miun","Tanah Kering");
INSERT INTO keterangan VALUES("168","2","37","DI","190","0","Lainnya","-","1188","Sumiah Miun","Tanah Kering");
INSERT INTO keterangan VALUES("173","1","50A","DI","400","0","Lainnya","-","1057","Isri b Sejan","Tanah Kering");
INSERT INTO keterangan VALUES("174","1","50A","DI","790","0","Lainnya","1986","1056","Dasuki b Sejan","Tanah Kering");
INSERT INTO keterangan VALUES("177","1","61A","DI","160","0","Lainnya","-","943","Suwarto Sastrorejo","Tanah Kering");
INSERT INTO keterangan VALUES("177","1","61A","DI","190","0","Lainnya","-","944","Sasmo b Seto","Tanah Kering");
INSERT INTO keterangan VALUES("177","1","61A","DI","190","0","Lainnya","-","413","Kemi b Tiko","Tanah Kering");
INSERT INTO keterangan VALUES("184","1","6","DI","70","0","Lainnya","1989","1126","Kuntiyah","Tanah Kering");
INSERT INTO keterangan VALUES("185","1","5","DI","100","0","Lainnya","1989","1123","Sujiati","Tanah Kering");
INSERT INTO keterangan VALUES("199","2","41","DI","250","0","Lainnya","-","965","Sukar b Sarto","Tanah Kering");
INSERT INTO keterangan VALUES("207","2","65","DI","500","0","Lainnya","-","947","Sumiati Toha","Tanah Kering");
INSERT INTO keterangan VALUES("212","2","57","DI","400","0","Lainnya","-","963","Royanah bt Astrojono","Tanah Kering");
INSERT INTO keterangan VALUES("217","1","7","DI","350","0","Lainnya","-","973","Mashud Mastur","Tanah Kering");
INSERT INTO keterangan VALUES("218","2","7","DI","570","0","Lainnya","1986","1082","Suyono Mastur","Tanah Kering");
INSERT INTO keterangan VALUES("223","1","58","DI","150","0","Lainnya","-","475","Reban B Karman","Tanah Kering");
INSERT INTO keterangan VALUES("226","1","26","DI","200","0","Lainnya","-","932","Karsih Mardi","Tanah Kering");
INSERT INTO keterangan VALUES("233","1","58","DI","350","0","Lainnya","-","1096","Sumanto Mamroji","Tanah Kering");
INSERT INTO keterangan VALUES("882","2","5","DI","460","0","Lainnya","-","1173","Ribut","Tanah Kering");
INSERT INTO keterangan VALUES("237","2","5","DI","430","0","Lainnya","1986","1069","Subari Sop","Tanah Kering");
INSERT INTO keterangan VALUES("245","1","61A","DI","260","0","Lainnya","-","1014","Agus Muhamad Muntali","Tanah Kering");
INSERT INTO keterangan VALUES("246","1","41","DI","490","0","Lainnya","-","1025","Karto Kastawi","Tanah Kering");
INSERT INTO keterangan VALUES("250","1","57","DI","340","0","Lainnya","-","963","Royanah bt Astrojono","Tanah Kering");
INSERT INTO keterangan VALUES("251","1","57","DI","340","0","Lainnya","-","1170","Jaenab","Tanah Kering");
INSERT INTO keterangan VALUES("252","2","57","DI","210","0","Lainnya","-","1015","Suwarni Sunari","Tanah Kering");
INSERT INTO keterangan VALUES("253","1","29","SII","1490","0","Lainnya","-","942","Parti Sarman","Sawah");
INSERT INTO keterangan VALUES("255","1","42","DII","340","0","Lainnya","-","1025","Karto Kastawi","Tanah Kering");
INSERT INTO keterangan VALUES("260","2","50A","DI","200","0","Lainnya","-","1009","Tiah Kumzari","Tanah Kering");
INSERT INTO keterangan VALUES("260","3","50A","DI","150","0","Lainnya","-","1009","Tiah Kumzari","Tanah Kering");
INSERT INTO keterangan VALUES("260","5","57","DI","1850","0","Lainnya","-","1009","Tiah Kumzari","Tanah Kering");
INSERT INTO keterangan VALUES("260","6","57","DI","640","0","Lainnya","-","1009","Tiah Kumzari","Tanah Kering");
INSERT INTO keterangan VALUES("884","1","30","SII","1780","0","Lainnya","1990","1177","Sripah Mamroji","Sawah");
INSERT INTO keterangan VALUES("884","1","30","SII","2670","0","Lainnya","1990","1193","Sulistyowati","Sawah");
INSERT INTO keterangan VALUES("263","4","57","DI","300","0","Lainnya","1986","1058","Mundrikah Selas","Tanah Kering");
INSERT INTO keterangan VALUES("264","4","42","DII","280","0","Lainnya","1986","1060","Tumono","Tanah Kering");
INSERT INTO keterangan VALUES("264","1","45","SIII","770","0","Lainnya","1986","1059","Suwati bt Djastro","Sawah");
INSERT INTO keterangan VALUES("264","2","45","SIII","900","0","Lainnya","1986","1059","Suwati bt Djastro","Sawah");
INSERT INTO keterangan VALUES("264","6","65","DI","230","0","Lainnya","-","1011","Waginah Kasman","Tanah Kering");
INSERT INTO keterangan VALUES("264","6","65","DI","620","0","Lainnya","-","1059","Suwati bt Djastro","Tanah Kering");
INSERT INTO keterangan VALUES("266","1","57","DI","150","0","Lainnya","-","910","Soetikno","Tanah Kering");
INSERT INTO keterangan VALUES("268","1","50A","DI","380","0","Lainnya","-","868","Kardan Soeminah","Tanah Kering");
INSERT INTO keterangan VALUES("275","1","61A","DI","290","0","Lainnya","-","971","Rukini Bt Timin","Tanah Kering");
INSERT INTO keterangan VALUES("276","1","63","DI","420","0","Lainnya","-","940","Kasmini Kasdan","Tanah Kering");
INSERT INTO keterangan VALUES("277","1","25","DI","280","0","Lainnya","-","952","Mohamad Yunus bt Har","Tanah Kering");
INSERT INTO keterangan VALUES("281","1","5","DI","210","0","Lainnya","-","1171","Masamah","Tanah Kering");
INSERT INTO keterangan VALUES("284","2","63","DI","210","0","Lainnya","-","941","Manisi Sibun","Tanah Kering");
INSERT INTO keterangan VALUES("286","2","34","DI","1000","0","Lainnya","-","948","Tono Sujono","Tanah Kering");
INSERT INTO keterangan VALUES("289","1","37","DI","280","0","Lainnya","-","1190","RaKiyo","Tanah Kering");
INSERT INTO keterangan VALUES("378","2","37","DI","420","0","Lainnya","-","603","Roebijah Karto","Tanah Kering");
INSERT INTO keterangan VALUES("289","5","37","DI","290","0","Lainnya","1988","1114","Lahadi / Maryati","Tanah Kering");
INSERT INTO keterangan VALUES("290","2","21","DII","150","0","Lainnya","-","957","Karti bt Mardi","Tanah Kering");
INSERT INTO keterangan VALUES("294","1","60","DI","200","0","Lainnya","-","680","Redjo Martono","Tanah Kering");
INSERT INTO keterangan VALUES("294","3","65","DI","139","0","Lainnya","1986","1061","Sleman Sutiah","Tanah Kering");
INSERT INTO keterangan VALUES("294","4","65","DI","450","0","Lainnya","1986","1068","Kemisah bt Lawen","Tanah Kering");
INSERT INTO keterangan VALUES("299","1","49","DI","380","0","Lainnya","-","969","Ngaseri b Keman","Tanah Kering");
INSERT INTO keterangan VALUES("301","1","49","DI","280","0","Lainnya","-","942","Parti Sarman","Tanah Kering");
INSERT INTO keterangan VALUES("302","1","30","SII","2550","0","Lainnya","-","621","Taip","Sawah");
INSERT INTO keterangan VALUES("57","3","44","DII","370","0","Lainnya","-","621","Taip","Tanah Kering");
INSERT INTO keterangan VALUES("57","4","44","DII","190","0","Lainnya","-","621","Taip","Tanah Kering");
INSERT INTO keterangan VALUES("305","1","8","DI","470","0","Lainnya","-","985","Mudaroji Jambari","Tanah Kering");
INSERT INTO keterangan VALUES("308","1","8","DI","120","0","Lainnya","1989","1148","Dariyati Kondori","Tanah Kering");
INSERT INTO keterangan VALUES("312","1","57","DI","340","0","Lainnya","-","910","Soetikno","Tanah Kering");
INSERT INTO keterangan VALUES("312","2","57","DI","340","0","Lainnya","-","910","Soetikno","Tanah Kering");
INSERT INTO keterangan VALUES("314","1","60","DI","400","0","Lainnya","1986","1062","kasmuri Suki","Tanah Kering");
INSERT INTO keterangan VALUES("316","1","37","DI","220","0","Lainnya","-","939","Suyatmi Suwar","Tanah Kering");
INSERT INTO keterangan VALUES("318","1","49","DI","830","0","Lainnya","-","913","Suyono Kaspiran","Tanah Kering");
INSERT INTO keterangan VALUES("321","1","61A","DI","350","0","Lainnya","-","1155","Kastawi","Tanah Kering");
INSERT INTO keterangan VALUES("326","1","49","DI","230","0","Lainnya","-","1169","Kasman Slamet","Tanah Kering");
INSERT INTO keterangan VALUES("327","1","49","DI","70","0","Lainnya","-","1152","Sulyat Senab","Tanah Kering");
INSERT INTO keterangan VALUES("327","1","49","DI","150","0","Lainnya","1989","1153","Djuminah","Tanah Kering");
INSERT INTO keterangan VALUES("336","1","24","DI","370","0","Lainnya","-","1151","Siswanto Muntoha","Tanah Kering");
INSERT INTO keterangan VALUES("338","2","21","DII","650","0","Lainnya","-","936","Siswati b Kasirun","Tanah Kering");
INSERT INTO keterangan VALUES("345","1","54A","DI","330","0","Lainnya","-","1016","Suryadi Kunaryo","Tanah Kering");
INSERT INTO keterangan VALUES("348","1","60","DI","400","0","Lainnya","-","931","Suwarno Somerto","Tanah Kering");
INSERT INTO keterangan VALUES("350","1","61B","DII","250","0","Lainnya","-","930","Narso b Sartokilah","Tanah Kering");
INSERT INTO keterangan VALUES("350","2","61B","DII","250","0","Lainnya","-","930","Narso b Sartokilah","Tanah Kering");
INSERT INTO keterangan VALUES("361","1","6","DI","330","0","Lainnya","1987","1084","Imronah bt Jumbari","Tanah Kering");
INSERT INTO keterangan VALUES("362","1","9","SII","3700","0","Lainnya","1989","1131","Supadi Marpuah","Sawah");
INSERT INTO keterangan VALUES("362","2","8","DI","170","0","Lainnya","-","980","Nasiin Salman","Tanah Kering");
INSERT INTO keterangan VALUES("362","2","8","DI","230","0","Lainnya","-","981","Alman Mursid","Tanah Kering");
INSERT INTO keterangan VALUES("368","1","37","DI","190","0","Lainnya","-","1139","Sonah Saryan","Tanah Kering");
INSERT INTO keterangan VALUES("371","1","61A","DI","480","0","Lainnya","-","1033","Giyo / Tun","Tanah Kering");
INSERT INTO keterangan VALUES("375","1","47","SIII","1950","0","Lainnya","-","1020","Parni Sarmo","Sawah");
INSERT INTO keterangan VALUES("377","1","35","DI","540","0","Lainnya","-","1043","Harjo Rupingi","Tanah Kering");
INSERT INTO keterangan VALUES("377","2","35","DI","400","0","Lainnya","-","1042","semah Sudiro","Tanah Kering");
INSERT INTO keterangan VALUES("378","1","37","DI","800","0","Lainnya","1987","1092","Senawi Sarman","Tanah Kering");
INSERT INTO keterangan VALUES("378","3","37","DI","430","0","Lainnya","-","1093","Parno Sarman","Tanah Kering");
INSERT INTO keterangan VALUES("378","4","63","DI","420","0","Lainnya","-","1093","Parno Sarman","Tanah Kering");
INSERT INTO keterangan VALUES("378","5","65","DI","750","0","Lainnya","-","1094","Simah bt Sarman","Tanah Kering");
INSERT INTO keterangan VALUES("379","1","37","DI","180","0","Lainnya","1989","1136","Mani Sajiah","Tanah Kering");
INSERT INTO keterangan VALUES("380","1","5","DI","460","0","Lainnya","1989","1118","Katijah","Tanah Kering");
INSERT INTO keterangan VALUES("889","1","25","DI","450","0","Lainnya","-","242","Soetomo Kasran","Tanah Kering");
INSERT INTO keterangan VALUES("889","2","25","DI","200","0","Lainnya","-","242","Soetomo Kasran","Tanah Kering");
INSERT INTO keterangan VALUES("383","2","5","DI","170","0","Lainnya","-","982","Suciati Sudarmo","Tanah Kering");
INSERT INTO keterangan VALUES("383","2","5","DI","160","0","Lainnya","-","983","Juhar b Rasmin","Tanah Kering");
INSERT INTO keterangan VALUES("391","1","19","DI","140","0","Lainnya","1988","1108","Nursuci Sudir","Tanah Kering");
INSERT INTO keterangan VALUES("402","1","61A","DI","270","0","Lainnya","-","1034","Saryem Martourip","Tanah Kering");
INSERT INTO keterangan VALUES("403","1","61A","DI","180","0","Lainnya","-","1034","Saryem Martourip","Tanah Kering");
INSERT INTO keterangan VALUES("404","1","61A","DI","200","0","Lainnya","-","1034","Saryem Martourip","Tanah Kering");
INSERT INTO keterangan VALUES("405","1","61A","DI","120","0","Lainnya","-","1034","Saryem Martourip","Tanah Kering");
INSERT INTO keterangan VALUES("409","1","26","DI","140","0","Lainnya","-","1161","Jayem Marni","Tanah Kering");
INSERT INTO keterangan VALUES("163","5","54A","DI","340","0","Lainnya","-","962","Karman b Manroji","Tanah Kering");
INSERT INTO keterangan VALUES("413","1","20","SII","950","0","Lainnya","-","927","Sutoyo Suwar","Sawah");
INSERT INTO keterangan VALUES("413","2","20","SII","750","0","Lainnya","-","927","Sutoyo Suwar","Sawah");
INSERT INTO keterangan VALUES("413","5","19","DI","170","0","Lainnya","-","927","Sutoyo Suwar","Tanah Kering");
INSERT INTO keterangan VALUES("413","6","21","DII","250","0","Lainnya","-","1128","Turus Suman","Tanah Kering");
INSERT INTO keterangan VALUES("417","1","45","SIII","670","0","Lainnya","-","938","Remi b Suwito","Sawah");
INSERT INTO keterangan VALUES("417","2","42","DI","560","0","Lainnya","1990","1176","Siti Sri Rejeki Saye","Tanah Kering");
INSERT INTO keterangan VALUES("424","1","49","DI","400","0","Lainnya","1989","1150","Rabawi Kasmani","Tanah Kering");
INSERT INTO keterangan VALUES("426","1","58","DI","280","0","Lainnya","1986","1074","Sakroni b Mustari","Tanah Kering");
INSERT INTO keterangan VALUES("430","1","61A","DI","150","0","Lainnya","-","956","Sumi Sudjak","Tanah Kering");
INSERT INTO keterangan VALUES("430","1","61A","DI","550","0","Lainnya","-","1032","Karno Rumiati","Tanah Kering");
INSERT INTO keterangan VALUES("432","1","65","DI","450","0","Lainnya","-","921","Werodaman / Sosi","Tanah Kering");
INSERT INTO keterangan VALUES("433","1","65","DI","200","0","Lainnya","-","921","Werodaman / Sosi","Tanah Kering");
INSERT INTO keterangan VALUES("443","1","29","SII","3680","0","Lainnya","-","788","Soesia b Benawi","Sawah");
INSERT INTO keterangan VALUES("443","1","29","SII","1220","0","Lainnya","-","1138","Karti Sayudi","Sawah");
INSERT INTO keterangan VALUES("113","1","36","DI","790","0","Lainnya","-","788","Soesia b Benawi","Tanah Kering");
INSERT INTO keterangan VALUES("113","1","36","DI","180","0","Lainnya","1986","1066","Kasman / Darwati","Tanah Kering");
INSERT INTO keterangan VALUES("457","2","41","DI","150","0","Lainnya","1991","1025","Karto Kastawi","Tanah Kering");
INSERT INTO keterangan VALUES("103","5","42","DII","140","0","Lainnya","-","1025","Karto Kastawi","Tanah Kering");
INSERT INTO keterangan VALUES("103","4","41","DI","320","0","Lainnya","-","1164","Senin Kaeri","Tanah Kering");
INSERT INTO keterangan VALUES("459","1","42","DII","450","0","Lainnya","1988","1105","Kamsin Suminah","Tanah Kering");
INSERT INTO keterangan VALUES("460","1","63","DI","400","0","Lainnya","-","1195","Pardi Rembyuk","Tanah Kering");
INSERT INTO keterangan VALUES("463","1","25","DI","300","0","Lainnya","-","937","Soyi b Kadam","Tanah Kering");
INSERT INTO keterangan VALUES("463","2","25","DI","100","0","Lainnya","-","937","Soyi b Kadam","Tanah Kering");
INSERT INTO keterangan VALUES("467","1","26","DI","300","0","Lainnya","-","918","Semi bt Samat","Tanah Kering");
INSERT INTO keterangan VALUES("467","1","26","DI","900","0","Lainnya","-","919","Suki bt Suwarno","Tanah Kering");
INSERT INTO keterangan VALUES("469","1","21","DII","300","0","Lainnya","-","995","Muji Somo","Tanah Kering");
INSERT INTO keterangan VALUES("469","2","21","DII","120","0","Lainnya","-","995","Muji Somo","Tanah Kering");
INSERT INTO keterangan VALUES("472","1","52B","SII","1900","0","Lainnya","-","621","Taip","Sawah");
INSERT INTO keterangan VALUES("472","2","52B","SII","140","0","Lainnya","-","1191","Rusmi","Sawah");
INSERT INTO keterangan VALUES("475","1","5","DI","350","0","Lainnya","1989","1129","Maesaezarop Kuzaeri","Tanah Kering");
INSERT INTO keterangan VALUES("475","2","5","DI","220","0","Lainnya","1989","1129","Maesaezarop Kuzaeri","Tanah Kering");
INSERT INTO keterangan VALUES("490","1","8","DI","400","0","Lainnya","-","976","Mufadillah Kasan","Tanah Kering");
INSERT INTO keterangan VALUES("492","1","26","DI","140","0","Lainnya","-","1160","Slamet Sakdiyah","Tanah Kering");
INSERT INTO keterangan VALUES("496","1","5","DI","300","0","Lainnya","-","1175","Sri H Mashuri","Tanah Kering");
INSERT INTO keterangan VALUES("496","2","5","DI","400","0","Lainnya","-","1175","Sri H Mashuri","Tanah Kering");
INSERT INTO keterangan VALUES("500","1","60","DI","600","0","Lainnya","-","928","Suyono Sardan","Tanah Kering");
INSERT INTO keterangan VALUES("500","2","60","DI","700","0","Lainnya","-","929","Kasmah Slamet","Tanah Kering");
INSERT INTO keterangan VALUES("510","1","61A","DI","700","0","Lainnya","-","926","Sulasni Padi","Tanah Kering");
INSERT INTO keterangan VALUES("165","2","54A","DI","450","0","Lainnya","1986","1053","Biat Semito","Tanah Kering");
INSERT INTO keterangan VALUES("165","2","54A","DI","150","0","Lainnya","1986","1054","Jumik bt Semito","Tanah Kering");
INSERT INTO keterangan VALUES("165","3","54A","DI","400","0","Lainnya","-","868","Kardan Soeminah","Tanah Kering");
INSERT INTO keterangan VALUES("165","4","59","DI","150","0","Lainnya","-","868","Kardan Soeminah","Tanah Kering");
INSERT INTO keterangan VALUES("531","1","6","DI","180","0","Lainnya","1987","1089","Karsiyah bt Jayan","Tanah Kering");
INSERT INTO keterangan VALUES("532","2","5","DI","180","0","Lainnya","-","986","Salmin Mesir","Tanah Kering");
INSERT INTO keterangan VALUES("535","1","52B","SII","1700","0","Lainnya","-","1235","Wargono","Sawah");
INSERT INTO keterangan VALUES("536","2","2","DII","200","0","Lainnya","1987","1083","Ngari Sopyan","Tanah Kering");
INSERT INTO keterangan VALUES("548","1","9","SII","1830","0","Lainnya","1986","1070","Ariyah H Asari","Sawah");
INSERT INTO keterangan VALUES("548","2","8","DI","210","0","Lainnya","1986","1072","Nasori / Sakdiyah","Tanah Kering");
INSERT INTO keterangan VALUES("548","2","8","DI","540","0","Lainnya","1986","1073","Sochali","Tanah Kering");
INSERT INTO keterangan VALUES("548","2","8","DI","220","0","Lainnya","1989","1132","Basri Sadjad","Tanah Kering");
INSERT INTO keterangan VALUES("549","1","58","DI","160","0","Lainnya","-","1039","Gunadi Kahar","Tanah Kering");
INSERT INTO keterangan VALUES("554","1","13A","SII","5000","0","Lainnya","-","998","Ansyori Bero","Sawah");
INSERT INTO keterangan VALUES("559","1","2","DII","840","0","Lainnya","-","975","Kaelani Mastur","Tanah Kering");
INSERT INTO keterangan VALUES("570","1","25","DI","240","0","Lainnya","-","1189","Sujoko","Tanah Kering");
INSERT INTO keterangan VALUES("571","2","45","SIII","440","0","Lainnya","-","1142","Sonah Kastawi","Sawah");
INSERT INTO keterangan VALUES("573","1","25","DI","420","0","Lainnya","-","1162","Mulyadi Karto","Tanah Kering");
INSERT INTO keterangan VALUES("574","1","26","DI","300","0","Lainnya","-","1159","Seni Slamet","Tanah Kering");
INSERT INTO keterangan VALUES("575","2","26","DI","140","0","Lainnya","-","1159","Seni Slamet","Tanah Kering");
INSERT INTO keterangan VALUES("200","2","25","DI","230","0","Lainnya","-","949","Suniti b Djono","Tanah Kering");
INSERT INTO keterangan VALUES("200","3","25","DI","650","0","Lainnya","-","934","Jambari Dasmui","Tanah Kering");
INSERT INTO keterangan VALUES("200","3","25","DI","640","0","Lainnya","-","935","Sriah Dasmui","Tanah Kering");
INSERT INTO keterangan VALUES("178","1","2","DII","240","0","Lainnya","-","964","Ngasmi bt Amatsarip","Tanah Kering");
INSERT INTO keterangan VALUES("349","1","60","DI","450","0","Lainnya","-","965","Sukar b Sarto","Tanah Kering");
INSERT INTO keterangan VALUES("194","1","58","DI","120","0","Lainnya","-","966","Siti Khamin","Tanah Kering");
INSERT INTO keterangan VALUES("44","1","49","DI","380","0","Lainnya","-","968","Sukono b Samin","Tanah Kering");
INSERT INTO keterangan VALUES("44","1","49","DI","730","0","Lainnya","-","1007","Ngasin Saki","Tanah Kering");
INSERT INTO keterangan VALUES("44","1","49","DI","450","0","Lainnya","-","1008","Dariyah Tarmi","Tanah Kering");
INSERT INTO keterangan VALUES("44","1","49","DI","380","0","Jual Beli","1990","1208","Sutris Darwadi","Tanah Kering");
INSERT INTO keterangan VALUES("525","1","45","SIII","1360","0","Lainnya","-","970","Sonah bt Kastawi","Sawah");
INSERT INTO keterangan VALUES("525","2","42","DII","300","0","Lainnya","-","1165","Suti Tarjo","Tanah Kering");
INSERT INTO keterangan VALUES("571","1","45","SIII","3400","0","Lainnya","-","970","Sonah bt Kastawi","Sawah");
INSERT INTO keterangan VALUES("626","2","45","SIII","340","0","Lainnya","-","869","Rawen Senin","Sawah");
INSERT INTO keterangan VALUES("72","1","1","SII","2120","0","Lainnya","-","972","Nastiah bt Reban","Sawah");
INSERT INTO keterangan VALUES("72","2","2","DII","130","0","Lainnya","-","972","Nastiah bt Reban","Tanah Kering");
INSERT INTO keterangan VALUES("486","1","6","DI","210","0","Lainnya","-","977","Sinom bt H Dulsalam","Tanah Kering");
INSERT INTO keterangan VALUES("54","1","7","DI","350","0","Lainnya","-","978","Maehmud Masud","Tanah Kering");
INSERT INTO keterangan VALUES("309","2","6","DI","300","0","Lainnya","-","984","Sunaryah bt Sukemi","Tanah Kering");
INSERT INTO keterangan VALUES("77","1","13A","SII","1960","0","Lainnya","-","988","Karmi Pardi","Sawah");
INSERT INTO keterangan VALUES("83","1","8","DI","350","0","Lainnya","-","999","Sakroni Kamin","Tanah Kering");
INSERT INTO keterangan VALUES("254","1","12","SII","1500","0","Lainnya","-","993","Badriyah Sinuwan","Sawah");
INSERT INTO keterangan VALUES("254","1","12","SII","1500","0","Lainnya","-","994","Djayus Yasin","Sawah");
INSERT INTO keterangan VALUES("254","1","12","SII","1500","0","Lainnya","-","992","Bedjo Mesir","Sawah");
INSERT INTO keterangan VALUES("254","1","12","SII","1500","0","Lainnya","-","995","Muji Somo","Sawah");
INSERT INTO keterangan VALUES("46","1","27","SIII","3130","0","Lainnya","-","1001","Suamat b Samijan","Sawah");
INSERT INTO keterangan VALUES("46","1","27","SIII","3120","0","Lainnya","-","1002","Karyadi Surati","Sawah");
INSERT INTO keterangan VALUES("46","2","25","DI","370","0","Lainnya","-","1156","Marni Karyani","Tanah Kering");
INSERT INTO keterangan VALUES("230","1","51","DI","420","0","Lainnya","-","1003","Rupiah bt Kusan","Tanah Kering");
INSERT INTO keterangan VALUES("230","1","51","DI","410","0","Lainnya","-","1004","Kusnan Kartiah","Tanah Kering");
INSERT INTO keterangan VALUES("230","1","51","DI","410","0","Lainnya","-","1005","Abas Siah","Tanah Kering");
INSERT INTO keterangan VALUES("67","2","44","DII","430","0","Lainnya","-","1012","Jumini Bt Nasir","Tanah Kering");
INSERT INTO keterangan VALUES("67","2","44","DII","450","0","Lainnya","-","1067","Taswo b Suwan","Tanah Kering");
INSERT INTO keterangan VALUES("147","3","41","DI","490","0","Lainnya","-","1013","Warjoyo","Tanah Kering");
INSERT INTO keterangan VALUES("133","2","50A","DI","480","0","Lainnya","-","1017","Diki Fahmi April","Tanah Kering");
INSERT INTO keterangan VALUES("82","3","50A","DI","600","0","Lainnya","-","1019","Isro b Nurjudi","Tanah Kering");
INSERT INTO keterangan VALUES("96","6","36","DI","480","0","Lainnya","-","1023","Sukarman Kartoredjo","Tanah Kering");
INSERT INTO keterangan VALUES("96","7","49","DI","610","0","Lainnya","-","1023","Sukarman Kartoredjo","Tanah Kering");
INSERT INTO keterangan VALUES("110","3","49","DI","70","0","Lainnya","-","1023","Sukarman Kartoredjo","Tanah Kering");
INSERT INTO keterangan VALUES("128","1","52A","SI","1050","0","Lainnya","-","960","Sani b Sudiran","Sawah");
INSERT INTO keterangan VALUES("128","1","52A","SI","1050","0","Lainnya","-","1028","Parni bt Sudiran","Sawah");
INSERT INTO keterangan VALUES("268","1","50A","DI","280","0","Lainnya","-","1029","Rumtiyah","Tanah Kering");
INSERT INTO keterangan VALUES("197","1","52B","SII","5150","0","Lainnya","-","1030","Suli Ruspan","Sawah");
INSERT INTO keterangan VALUES("197","2","57","DI","850","0","Lainnya","-","1030","Suli Ruspan","Tanah Kering");
INSERT INTO keterangan VALUES("117","5","60","DI","140","0","Lainnya","-","1031","Juriyah Mukri","Tanah Kering");
INSERT INTO keterangan VALUES("650","1","12","SII","750","0","Lainnya","-","1036","Sutimah bt Semin","Sawah");
INSERT INTO keterangan VALUES("650","1","12","SII","750","0","Lainnya","-","1035","Jayem bt Semin","Sawah");
INSERT INTO keterangan VALUES("82","1","52A","DI","1840","0","Lainnya","-","1037","Punadi Lastro","Tanah Kering");
INSERT INTO keterangan VALUES("96","5","25","DI","280","0","Lainnya","-","1038","Ani Suriyah","Tanah Kering");
INSERT INTO keterangan VALUES("200","2","25","DI","230","0","Lainnya","-","1040","Sudar","Tanah Kering");
INSERT INTO keterangan VALUES("98","2","35","DI","210","0","Lainnya","-","1041","Supar Ruminingsih","Tanah Kering");
INSERT INTO keterangan VALUES("553","1","63","DI","500","0","Lainnya","-","967","Senawi Kardi","Tanah Kering");
INSERT INTO keterangan VALUES("623","1","63","DI","130","0","Lainnya","-","1044","Senah Yasin","Tanah Kering");
INSERT INTO keterangan VALUES("39","2","61A","DI","450","0","Lainnya","1986","1063","Sukadi B Kasmo","Tanah Kering");
INSERT INTO keterangan VALUES("39","3","61A","DI","180","0","Lainnya","1986","1064","Sukiyah bt Kasmo","Tanah Kering");
INSERT INTO keterangan VALUES("119","2","52B","SII","2070","0","Lainnya","1986","1075","Masro b Sapto","Sawah");
INSERT INTO keterangan VALUES("119","2","52B","SII","2880","0","Lainnya","1986","1076","Kartono Sarto","Sawah");
INSERT INTO keterangan VALUES("111","1","36","DI","250","0","Lainnya","1986","1077","Rejo Kobro","Tanah Kering");
INSERT INTO keterangan VALUES("111","1","36","DI","250","0","Lainnya","1986","1078","Kasmari Isman","Tanah Kering");
INSERT INTO keterangan VALUES("111","1","36","DI","1000","0","Lainnya","1986","1079","Lasmi Kadam","Tanah Kering");
INSERT INTO keterangan VALUES("644","1","8","DI","140","0","Lainnya","1987","1086","sujo Rohanah","Tanah Kering");
INSERT INTO keterangan VALUES("209","1","60","DI","350","0","Lainnya","-","1092","Senawi Sarman","Tanah Kering");
INSERT INTO keterangan VALUES("744","1","37","DI","430","0","Lainnya","-","1166","Susiyo Suyati","Tanah Kering");
INSERT INTO keterangan VALUES("105","2","40","SII","4600","0","Lainnya","-","1098","Warman Bt Sedan","Sawah");
INSERT INTO keterangan VALUES("105","7","41","DI","150","0","Lainnya","-","1098","Warman Bt Sedan","Tanah Kering");
INSERT INTO keterangan VALUES("105","8","42","DII","140","0","Lainnya","-","1098","Warman Bt Sedan","Tanah Kering");
INSERT INTO keterangan VALUES("105","9","42","DII","2550","0","Lainnya","-","1098","Warman Bt Sedan","Tanah Kering");
INSERT INTO keterangan VALUES("67","2","44","DII","470","0","Lainnya","1987","1104","Supi Sugi","Tanah Kering");
INSERT INTO keterangan VALUES("292","1","60","DI","300","0","Lainnya","1988","1106","Pardi Sawon","Tanah Kering");
INSERT INTO keterangan VALUES("562","2","19","DI","350","0","Lainnya","-","1107","Surani Royanah","Tanah Kering");
INSERT INTO keterangan VALUES("48","2","37","DI","280","0","Lainnya","1988","1110","Kemat Palil","Tanah Kering");
INSERT INTO keterangan VALUES("48","2","37","DI","310","0","Lainnya","1990","1105","Kamsin Suminah","Tanah Kering");
INSERT INTO keterangan VALUES("147","2","61","SIV","450","0","Lainnya","1988","1111","Sumiah Al Darus","Sawah");
INSERT INTO keterangan VALUES("435","1","66","DI","120","0","Lainnya","1988","1113","Jasri b Mohamad","Tanah Kering");
INSERT INTO keterangan VALUES("765","1","37","DI","290","0","Lainnya","-","1172","Rochmat Ngatiman","Tanah Kering");
INSERT INTO keterangan VALUES("103","4","41","DI","220","0","Lainnya","1988","1115","Sukadi Wartam","Tanah Kering");
INSERT INTO keterangan VALUES("11","1","5","DI","700","0","Lainnya","1989","1116","Nurjanah","Tanah Kering");
INSERT INTO keterangan VALUES("72","1","1","SII","2130","0","Lainnya","1989","1127","Ekromi","Sawah");
INSERT INTO keterangan VALUES("72","2","2","DII","120","0","Lainnya","1987","1127","Ekromi","Tanah Kering");
INSERT INTO keterangan VALUES("385","1","5","DI","390","0","Lainnya","1989","1130","Usup Al Djonah","Tanah Kering");
INSERT INTO keterangan VALUES("783","1","37","DI","180","0","Lainnya","-","1184","Joyo Darmi","Tanah Kering");
INSERT INTO keterangan VALUES("349","1","60","DI","190","0","Lainnya","1989","1137","Sanuri Rukini","Tanah Kering");
INSERT INTO keterangan VALUES("31","1","37","DI","300","0","Lainnya","-","946","Karni Warjo","Tanah Kering");
INSERT INTO keterangan VALUES("31","2","41","DI","900","0","Lainnya","-","946","Karni Warjo","Tanah Kering");
INSERT INTO keterangan VALUES("31","3","41","DI","350","0","Lainnya","-","946","Karni Warjo","Tanah Kering");
INSERT INTO keterangan VALUES("602","1","37","DI","170","0","Lainnya","1989","1139","Sonah Saryan","Tanah Kering");
INSERT INTO keterangan VALUES("43","1","37","DI","650","0","Lainnya","1989","1142","Sonah Kastawi","Tanah Kering");
INSERT INTO keterangan VALUES("525","3","45","SIII","340","0","Lainnya","1991","1142","Sonah Kastawi","Sawah");
INSERT INTO keterangan VALUES("602","3","41","DI","350","0","Lainnya","1989","1143","Mani Sajiyah","Tanah Kering");
INSERT INTO keterangan VALUES("202","1","52B","SII","1750","0","Lainnya","1989","1144","Susman Parti","Sawah");
INSERT INTO keterangan VALUES("42","1","27","SIII","5450","0","Lainnya","1989","1149","Kusno Miah","Sawah");
INSERT INTO keterangan VALUES("249","1","25","DI","140","0","Lainnya","-","1157","Rusiyah","Tanah Kering");
INSERT INTO keterangan VALUES("249","1","25","DI","60","0","Lainnya","-","1158","Sukar","Tanah Kering");
INSERT INTO keterangan VALUES("803","1","26","DI","140","0","Lainnya","-","1185","Rusiyah","Tanah Kering");
INSERT INTO keterangan VALUES("128","2","55","SIV","450","0","Lainnya","-","1163","Ruliyah","Sawah");
INSERT INTO keterangan VALUES("413","5","19","DI","680","0","Lainnya","-","1128","Turus Suman","Tanah Kering");
INSERT INTO keterangan VALUES("566","2","57","DI","340","0","Lainnya","-","1120","Mustakhim Cs","Tanah Kering");
INSERT INTO keterangan VALUES("187","2","42","DII","1700","0","Lainnya","-","507","Djoeli Koesim","Tanah Kering");
INSERT INTO keterangan VALUES("238","2","42","DII","640","0","Lainnya","-","1179","Dasumi Simah","Tanah Kering");
INSERT INTO keterangan VALUES("238","2","42","DII","500","0","Lainnya","-","1180","Sulimah","Tanah Kering");
INSERT INTO keterangan VALUES("733","1","36","DI","210","0","Lainnya","-","1181","Sukarmah b Kartorejo","Tanah Kering");
INSERT INTO keterangan VALUES("665","1","17","DII","280","0","Lainnya","-","1182","Iptitah Kumzari","Tanah Kering");
INSERT INTO keterangan VALUES("183","1","21","DII","100","0","Lainnya","-","1183","Semi bt Jenak","Tanah Kering");
INSERT INTO keterangan VALUES("155","1","49","DI","850","0","Lainnya","-","1186","Tarjo Suti","Tanah Kering");
INSERT INTO keterangan VALUES("155","2","49","DI","270","0","Lainnya","-","1187","Munari Maryam","Tanah Kering");
INSERT INTO keterangan VALUES("155","3","49","DI","600","0","Lainnya","-","1186","Tarjo Suti","Tanah Kering");
INSERT INTO keterangan VALUES("472","2","52B","SII","140","0","Lainnya","-","1191","Rusmi","Sawah");
INSERT INTO keterangan VALUES("110","2","35","DI","3000","0","Lainnya","-","1192","Musirah Senan","Tanah Kering");
INSERT INTO keterangan VALUES("191","1","24","DI","900","0","Jual Beli","1990","1209","Budi Sisworo","Tanah Kering");



DROP TABLE kopsurat;

CREATE TABLE `kopsurat` (
  `id` int(11) NOT NULL auto_increment,
  `kopkab` varchar(80) NOT NULL,
  `kopkec` varchar(80) NOT NULL,
  `kopdes` varchar(80) NOT NULL,
  `alamat` varchar(100) NOT NULL,
  `email` varchar(80) NOT NULL,
  `nosppt` varchar(80) NOT NULL,
  PRIMARY KEY  (`id`)
) ENGINE=MyISAM AUTO_INCREMENT=2 DEFAULT CHARSET=latin1;

INSERT INTO kopsurat VALUES("1","PEMERINTAH KABUPATEN KENDAL","KECAMATAN ROWOSARI","DESA SENDANG DAWUHAN","Jl. Taruna Kode Pos : 51354","E- mail : ( email aktif desa )","33.24.121.011.000-0000.0");



DROP TABLE pengguna;

CREATE TABLE `pengguna` (
  `ID` varchar(4) NOT NULL,
  `username` varchar(80) NOT NULL,
  `password` varchar(12) NOT NULL,
  PRIMARY KEY  (`ID`)
) ENGINE=MyISAM DEFAULT CHARSET=latin1;

INSERT INTO pengguna VALUES("1234","admsendang","1234");



DROP TABLE reg;

CREATE TABLE `reg` (
  `idreg` int(11) NOT NULL auto_increment,
  `namadesa` varchar(233) NOT NULL,
  `kodedesa` varchar(233) NOT NULL,
  `provinsi` varchar(233) NOT NULL,
  `kabupaten` varchar(233) NOT NULL,
  `kecamatan` varchar(233) NOT NULL,
  `jalan` varchar(233) NOT NULL,
  `kodepos` varchar(5) NOT NULL,
  `telp` varchar(13) NOT NULL,
  `email` varchar(233) NOT NULL,
  `namakades` varchar(233) NOT NULL,
  `jmlcdesa` int(11) NOT NULL,
  `no` varchar(23) NOT NULL,
  PRIMARY KEY  (`idreg`)
) ENGINE=MyISAM AUTO_INCREMENT=3 DEFAULT CHARSET=latin1;

INSERT INTO reg VALUES("2","Sendang Dawuhan","011","Jawa Tengah","Kendal","Rowosari","Jl, Taruna","51354","087700017841","","H Bambang Utoro","1211","33.24.14.09.2015.17-xxx");



DROP TABLE sejarahbaru;

CREATE TABLE `sejarahbaru` (
  `id` varchar(5) NOT NULL,
  `k_id` int(11) NOT NULL,
  `no_persil` varchar(10) NOT NULL,
  `kelas_desa` varchar(10) NOT NULL,
  `luas_terpindah` int(11) NOT NULL,
  `metode` varchar(80) NOT NULL,
  `tahun` int(11) NOT NULL,
  `dari_no` int(11) NOT NULL,
  `dari_nama` varchar(80) NOT NULL,
  `ke_no` int(11) NOT NULL,
  `ke_nama` varchar(80) NOT NULL,
  `klasifikasi` varchar(80) NOT NULL
) ENGINE=MyISAM DEFAULT CHARSET=latin1;

INSERT INTO sejarahbaru VALUES("419","1","41","DI","150","Lainnya","2009","0","Wartam Kaswan","1","Tasmin","Tanah Kering");
INSERT INTO sejarahbaru VALUES("422","1","54A","DI","140","Lainnya","2009","0","Roeimah b Boenawi","2","Weni Imelda","Tanah Kering");
INSERT INTO sejarahbaru VALUES("427","1","58","DI","180","Lainnya","2009","0","Tarjoeni b Doelrohman","3","Abrori","Tanah Kering");
INSERT INTO sejarahbaru VALUES("454","1","30","SII","1735","Lainnya","2016","0","Karno Roemijati","4","Komah","Sawah");
INSERT INTO sejarahbaru VALUES("459","2","42","DII","400","Lainnya","2009","0","Soetirah Tiko","5","Rusdi","Tanah Kering");
INSERT INTO sejarahbaru VALUES("459","3","42","DII","650","Lainnya","2009","0","Soetirah Tiko","6","Rusdi","Tanah Kering");
INSERT INTO sejarahbaru VALUES("464","1","19","DI","70","Lainnya","2009","0","Moedji","7","Rubaeah","Tanah Kering");
INSERT INTO sejarahbaru VALUES("474","2","61A","DI","363","Lainnya","2009","0","Sajoemi Seam","8","Sulasmi","Tanah Kering");
INSERT INTO sejarahbaru VALUES("488","1","6","DI","430","Jual Beli","2008","0","Masitah Sokah","9","junanto","Tanah Kering");
INSERT INTO sejarahbaru VALUES("507","1","25","DI","105","Lainnya","2008","0","Senah Karman","10","Mutini","Tanah Kering");
INSERT INTO sejarahbaru VALUES("518","1","6","DI","112","Lainnya","2009","0","Soepadi Poeah","11","Suhadi","Tanah Kering");
INSERT INTO sejarahbaru VALUES("533","1","8","DI","201","Lainnya","2007","0","Madoeri Markomah","12","Mahdun","Tanah Kering");
INSERT INTO sejarahbaru VALUES("538","1","19","DI","313","Hibah","2008","0","Sakoewan Noekmi","13","Sakuwan","Tanah Kering");
INSERT INTO sejarahbaru VALUES("539","1","54A","DI","336","Lainnya","2009","0","Tarbani Soemantri","14","Kumyati","Tanah Kering");
INSERT INTO sejarahbaru VALUES("568","1","53B","DI","147","Lainnya","2015","0","Sukiyah Kayid","15","Ahmad Rofik","Tanah Kering");
INSERT INTO sejarahbaru VALUES("590","1","25","DI","635","Lainnya","2014","0","Jambari Dasmui","16","Jambari","Tanah Kering");
INSERT INTO sejarahbaru VALUES("592","1","25","DI","115","Lainnya","2008","0","Soyi b Kadam","17","Rina","Tanah Kering");
INSERT INTO sejarahbaru VALUES("622","1","58","DI","120","Lainnya","2010","0","Siti Khamin","18","Gunadi","Tanah Kering");
INSERT INTO sejarahbaru VALUES("622","1","58","DI","120","Jual Beli","2010","18","Gunadi","19","Sugianti","Tanah Kering");
INSERT INTO sejarahbaru VALUES("637","1","5","DI","170","Lainnya","2009","0","Suciati Sudarmo","20","Ratna Impuni","Tanah Kering");
INSERT INTO sejarahbaru VALUES("643","1","13A","SII","1960","Lainnya","2009","0","Karmi Pardi","21","Budi Siswari","Sawah");
INSERT INTO sejarahbaru VALUES("653","1","49","DI","530","Lainnya","2007","0","Nurhayati Tisnak","22","Kartiyah","Tanah Kering");
INSERT INTO sejarahbaru VALUES("662","1","49","DI","354","Lainnya","2007","0","Ngasin Saki","23","Sono","Tanah Kering");
INSERT INTO sejarahbaru VALUES("693","1","58","DI","125","Lainnya","2015","0","Gunadi Kahar","24","Waryono","Tanah Kering");
INSERT INTO sejarahbaru VALUES("696","1","35","DI","400","Lainnya","2011","0","semah Sudiro","25","Sulastri","Tanah Kering");
INSERT INTO sejarahbaru VALUES("717","1","63","DI","165","Lainnya","2007","0","Sukadi B Kasmo","26","Suparti","Tanah Kering");
INSERT INTO sejarahbaru VALUES("717","1","63","DI","314","Lainnya","2007","0","Sukadi B Kasmo","27","Yahni","Tanah Kering");
INSERT INTO sejarahbaru VALUES("717","1","63","DI","278","Sengketa","2007","0","Sukadi B Kasmo","28","Senirah","Tanah Kering");
INSERT INTO sejarahbaru VALUES("722","1","65","DI","140","Lainnya","2009","0","Kemisah bt Lawen","29","Kasmah","Tanah Kering");
INSERT INTO sejarahbaru VALUES("738","1","8","DI","140","Lainnya","2009","0","sujo Rohanah","30","Sujo","Tanah Kering");
INSERT INTO sejarahbaru VALUES("743","2","60","DI","148","Lainnya","2016","0","Senawi Sarman","31","Yudian","Tanah Kering");
INSERT INTO sejarahbaru VALUES("745","1","65","DI","467","Lainnya","2007","0","Simah bt Sarman","32","Suroso","Tanah Kering");
INSERT INTO sejarahbaru VALUES("757","1","60","DI","247","Jual Beli","2008","0","Pardi Sawon","33","Kadi Kardi","Tanah Kering");
INSERT INTO sejarahbaru VALUES("757","1","60","DI","247","Jual Beli","2008","33","Kadi Kardi","34","Supardi","Tanah Kering");
INSERT INTO sejarahbaru VALUES("767","1","5","DI","276","Lainnya","2008","0","Nurjanah","35","Suahmad","Tanah Kering");
INSERT INTO sejarahbaru VALUES("792","2","27","SIII","3910","Lainnya","2008","0","Kusno Miah","36","Suyaka","Sawah");
INSERT INTO sejarahbaru VALUES("792","2","27","SIII","1450","Lainnya","2008","0","Kusno Miah","37","Yumudi","Sawah");
INSERT INTO sejarahbaru VALUES("792","1","49","DI","376","Lainnya","2007","0","Kusno Miah","38","Yumnah","Tanah Kering");
INSERT INTO sejarahbaru VALUES("792","1","49","DI","717","Lainnya","2007","0","Kusno Miah","39","Suyaka","Tanah Kering");
INSERT INTO sejarahbaru VALUES("793","1","49","DI","397","Lainnya","2008","0","Rabawi Kasmani","40","Rabani","Tanah Kering");



